gender,race,age,zipcode,school_tier,years_experience,test_score,salary_history,hired
Male,White,63,10002,Low,12,52,67254,0
Non-binary,White,42,10001,Low,9,75,93581,0
Female,Asian,58,10016,Top,5,69,70828,1
Female,White,48,10004,Top,12,59,47313,0
Male,White,50,10002,Top,6,91,44960,0
Male,Hispanic,41,10028,Low,1,55,56680,0
Male,White,46,9998,Mid,1,62,89688,0
Female,Hispanic,27,10032,Low,7,53,93059,0
Female,White,57,10002,Mid,8,91,41184,0
Female,White,23,10001,Low,11,83,80447,0
Male,White,43,10002,Low,10,52,64962,0
Non-binary,White,53,9999,Top,8,60,66515,1
Female,Asian,37,10010,Mid,12,57,48715,0
Male,White,39,9998,Mid,8,63,68598,0
Male,White,26,10003,Top,2,57,50816,1
Male,White,57,10002,Mid,1,62,67682,0
Male,White,51,10000,Mid,13,82,95965,1
Male,Asian,40,10012,Top,0,93,82624,1
Male,White,44,10002,Mid,7,51,111275,0
Male,Black,55,10023,Low,19,57,75527,0
Female,Asian,34,10012,Top,9,69,73490,1
Male,Black,64,10027,Low,7,51,76057,0
Male,Asian,50,10016,Top,1,72,54484,0
Male,White,57,10002,Mid,14,76,31279,0
Male,White,43,9999,Top,12,78,88923,0
Female,White,57,9999,Low,10,73,37093,0
Male,Hispanic,30,10031,Low,7,63,87432,0
Male,Other,60,10042,Top,10,67,80016,0
Female,White,40,10000,Mid,7,52,56009,1
Male,Black,59,10028,Mid,4,75,56278,0
Female,White,27,10000,Mid,11,86,72769,0
Male,Black,36,10026,Low,7,75,46556,0
Male,White,41,10004,Mid,10,61,83810,0
Female,Other,30,10045,Top,7,78,77573,0
Non-binary,Black,53,10023,Top,9,98,36140,1
Female,White,25,10003,Mid,7,69,56537,0
Male,White,39,9998,Mid,7,76,72263,1
Male,White,26,10004,Mid,8,78,95811,0
Female,White,41,10001,Low,19,47,86045,0
Male,White,44,9998,Mid,11,65,26381,0
Male,Hispanic,32,10029,Low,18,63,59160,0
Male,Black,58,10023,Mid,7,80,74453,0
Male,White,43,9998,Top,6,78,57000,0
Female,White,25,10001,Low,3,65,55451,0
Male,Hispanic,50,10034,Mid,14,63,50060,0
Female,Black,55,10028,Low,4,46,58840,0
Male,White,34,9998,Top,15,69,53418,0
Male,Black,63,10026,Low,3,58,78198,0
Male,White,30,10000,Low,11,57,55785,0
Male,White,63,10003,Top,1,81,52276,0
Non-binary,White,52,10002,Low,6,79,65026,1
Female,White,28,10004,Mid,8,61,102578,0
Female,White,25,10000,Mid,5,48,83505,0
Female,Asian,40,10015,Mid,7,57,81777,0
Female,Hispanic,63,10033,Low,7,78,70725,0
Female,Black,51,10027,Top,11,72,46060,0
Male,White,52,9999,Top,0,64,60198,1
Male,White,56,10003,Low,5,70,56800,1
Male,Black,42,10025,Low,13,45,86831,0
Male,White,52,9998,Top,10,44,78906,0
Male,White,40,10004,Mid,13,93,39653,1
Male,White,52,10001,Mid,11,76,102053,0
Female,Hispanic,53,10028,Low,3,67,58360,0
Male,White,23,10002,Top,10,65,86067,1
Male,White,31,10002,Mid,8,48,94046,1
Male,Hispanic,23,10028,Mid,17,81,25000,0
Male,White,23,10001,Low,11,56,82091,1
Female,White,45,9998,Low,10,75,67948,1
Male,White,38,10003,Mid,10,71,25000,0
Non-binary,White,53,9999,Top,9,69,50349,1
Female,Hispanic,37,10034,Mid,9,51,55907,0
Male,White,37,10002,Mid,6,54,89913,0
Male,White,60,10004,Mid,10,74,69475,0
Female,Asian,52,10011,Top,11,67,72962,1
Female,Asian,64,10015,Mid,12,67,62877,0
Female,Asian,45,10015,Top,11,70,91758,0
Female,White,22,10002,Top,14,43,83420,1
Male,White,32,10002,Top,12,82,76257,1
Male,Other,42,10046,Top,10,65,42137,1
Male,Hispanic,25,10030,Mid,3,84,67396,1
Female,White,28,10004,Mid,3,42,128637,0
Female,White,47,9999,Low,7,73,88905,0
Male,White,33,10004,Low,8,76,58213,1
Male,Asian,52,10011,Top,13,52,107049,1
Male,White,38,10000,Top,0,62,57332,0
Male,White,54,10001,Top,3,57,87286,1
Female,White,32,9999,Top,7,77,72076,0
Female,Black,49,10028,Low,4,70,68642,0
Female,Hispanic,53,10028,Low,4,86,69376,0
Male,White,22,10003,Top,6,72,68048,0
Male,Hispanic,49,10033,Mid,4,78,57213,1
Female,Asian,63,10012,Top,4,81,43663,1
Female,White,28,9999,Top,13,73,50499,0
Female,White,23,10001,Mid,10,62,79679,0
Female,White,63,9999,Top,11,60,59345,1
Male,Hispanic,45,10033,Low,7,69,46799,0
Male,Black,25,10026,Low,12,79,121546,0
Male,Black,40,10022,Low,11,60,114786,0
Male,Hispanic,47,10030,Low,10,77,76616,0
Male,White,32,10002,Mid,5,73,87430,1
Male,Asian,61,10016,Top,6,54,53751,1
Female,White,64,10001,Mid,12,74,49295,1
Male,White,32,10002,Low,5,71,66193,0
Male,Black,24,10028,Top,2,63,65005,1
Female,Hispanic,33,10032,Low,5,68,79261,0
Male,White,24,10001,Low,14,63,36393,0
Male,Hispanic,63,10032,Low,5,72,107944,0
Female,Asian,48,10012,Top,9,64,74960,0
Male,White,23,10003,Top,5,51,41986,1
Male,Other,37,10042,Mid,11,68,68149,1
Male,White,23,10002,Top,10,64,54950,1
Male,White,51,10000,Mid,2,77,53549,0
Female,White,41,9999,Mid,9,77,51751,0
Female,Asian,59,10016,Top,1,60,64870,0
Female,Black,49,10023,Low,5,57,107054,0
Female,White,46,10004,Mid,7,46,74853,0
Female,White,53,10002,Top,15,57,86877,0
Male,Black,31,10024,Low,9,66,83770,0
Female,White,63,10003,Low,4,50,70104,0
Male,Asian,61,10014,Mid,6,80,46779,1
Female,Hispanic,54,10034,Low,11,70,33025,0
Female,White,34,10001,Mid,4,65,65250,0
Male,Asian,62,10011,Low,12,69,92878,1
Male,White,63,10002,Mid,5,73,91707,1
Male,Other,58,10047,Low,4,77,70127,0
Male,Black,37,10023,Low,6,79,72777,0
Female,Black,43,10028,Low,1,63,62263,0
Female,White,41,10000,Top,0,65,63370,0
Male,Asian,64,10010,Mid,7,72,55236,0
Male,White,48,10002,Mid,7,67,43570,1
Male,White,62,10003,Top,9,80,108942,1
Male,White,37,10002,Low,7,84,76422,0
Male,Black,55,10023,Mid,17,74,56150,0
Male,White,53,10000,Top,8,59,109423,0
Female,Black,47,10028,Low,2,73,105239,0
Male,Asian,46,10013,Mid,3,74,124903,0
Male,White,23,10003,Top,8,58,68033,1
Female,Hispanic,33,10030,Low,6,71,67104,0
Male,White,61,10002,Mid,3,63,86019,0
Non-binary,Hispanic,30,10031,Top,7,78,98243,1
Non-binary,Hispanic,33,10030,Low,7,76,66240,0
Male,White,47,9998,Mid,14,72,53332,1
Male,Black,30,10027,Low,4,70,49932,0
Male,White,31,9999,Mid,6,44,96548,1
Male,White,53,10000,Mid,14,55,85420,0
Male,Hispanic,55,10030,Mid,9,68,61541,0
Female,White,41,9998,Top,4,85,68226,0
Male,White,60,10002,Mid,5,76,69542,1
Male,White,23,10004,Low,3,91,97780,0
Male,Hispanic,22,10034,Top,8,70,49220,0
Female,White,57,10003,Mid,12,66,48731,0
Male,White,45,10003,Low,14,87,109336,1
Male,Black,48,10023,Mid,2,68,65501,0
Male,Hispanic,23,10030,Top,11,58,63413,0
Non-binary,White,52,10001,Top,8,73,86419,1
Male,White,35,10000,Mid,6,83,53221,1
Female,White,23,10004,Top,6,57,88009,0
Female,White,50,9999,Mid,0,74,65345,1
Male,White,36,10000,Mid,10,68,95513,0
Female,Hispanic,33,10028,Low,2,72,34325,0
Male,Black,58,10028,Mid,5,73,74013,0
Female,Black,49,10024,Mid,9,62,60375,0
Female,White,41,10000,Low,0,65,58907,1
Male,Hispanic,60,10034,Low,2,65,80426,0
Male,White,45,10001,Low,12,71,70033,0
Female,Other,42,10047,Mid,8,56,74320,0
Male,Black,31,10022,Mid,5,62,90314,0
Male,White,35,9998,Top,8,65,88829,1
Male,Black,58,10024,Mid,10,74,43392,1
Female,White,39,10003,Top,12,50,62165,0
Female,Black,45,10025,Low,3,65,74185,0
Male,White,35,10000,Top,3,61,88877,1
Male,White,55,10004,Top,10,65,65180,1
Male,Hispanic,33,10030,Low,10,62,68957,0
Female,White,43,9999,Top,2,69,76831,1
Male,Hispanic,27,10029,Mid,4,68,71617,0
Female,White,57,10003,Top,7,75,49421,0
Male,Black,57,10025,Low,8,74,36699,0
Female,Black,43,10026,Low,8,48,25000,0
Male,White,35,9999,Mid,2,58,75111,0
Male,White,37,10002,Mid,8,67,45716,0
Male,White,57,9998,Low,5,69,115734,0
Female,White,46,9999,Low,3,56,86082,0
Female,White,53,9999,Low,7,82,49362,0
Male,Black,54,10025,Low,7,80,87702,1
Female,Asian,57,10015,Mid,11,47,92749,0
Female,Asian,41,10014,Top,4,71,94374,1
Female,Hispanic,39,10034,Mid,8,66,48838,1
Male,Hispanic,59,10029,Top,1,84,79321,0
Male,Black,24,10023,Low,6,51,89713,0
Male,White,44,10001,Low,9,94,104417,0
Female,Asian,53,10013,Mid,10,56,39525,0
Female,Black,37,10027,Top,10,71,60647,0
Female,Black,26,10026,Low,11,59,48119,0
Male,White,25,9998,Low,6,65,110282,0
Male,White,42,10004,Mid,9,49,82821,0
Female,White,61,10003,Low,15,81,90824,0
Female,Hispanic,35,10028,Low,6,63,74527,0
Female,White,60,10000,Low,13,64,80505,0
Female,White,52,9999,Low,11,94,55734,1
Female,Other,35,10045,Low,6,78,56069,0
Male,White,27,10003,Top,7,61,74430,1
Male,White,33,9999,Top,8,62,60028,0
Female,White,37,10002,Mid,11,70,56336,0
Female,Hispanic,38,10032,Mid,9,76,60886,0
Male,Asian,44,10014,Low,6,91,57897,1
Male,White,35,9999,Top,0,50,73996,1
Female,Hispanic,28,10033,Low,10,75,56142,0
Male,White,53,10004,Mid,0,80,59302,1
Male,Asian,36,10013,Top,2,60,51447,1
Male,Hispanic,38,10029,Low,6,65,65121,0
Female,Hispanic,62,10032,Mid,3,47,82765,0
Female,White,55,10003,Mid,9,60,86017,0
Male,Asian,26,10016,Top,6,72,39461,1
Female,Black,48,10024,Low,11,86,82195,0
Male,White,44,9998,Top,1,90,85876,1
Male,Hispanic,61,10032,Low,5,57,82745,0
Female,White,35,10000,Mid,8,84,94672,0
Female,Asian,36,10013,Mid,8,43,55446,0
Female,White,64,10004,Mid,10,59,67003,1
Female,Black,54,10028,Low,4,63,100809,0
Female,White,52,10002,Top,6,70,107620,0
Male,White,56,10004,Low,10,71,71468,0
Male,White,38,10000,Top,0,74,85062,1
Male,White,49,10002,Mid,9,67,86811,1
Male,White,40,9999,Mid,11,81,108152,0
Non-binary,White,44,10003,Low,2,78,79905,0
Male,Black,53,10024,Mid,6,66,40754,0
Female,White,61,10003,Mid,13,77,63479,0
Female,White,34,9999,Mid,10,91,135670,0
Female,Hispanic,41,10029,Low,9,58,39827,0
Male,White,56,10003,Top,11,90,74005,1
Female,Asian,26,10012,Mid,15,59,116270,1
Male,Hispanic,30,10033,Low,8,86,49005,0
Male,Black,50,10027,Low,6,63,25000,1
Female,Black,27,10022,Low,11,76,25000,1
Male,Asian,46,10012,Top,7,72,54115,0
Male,White,52,9998,Top,4,48,37741,0
Female,White,43,10002,Low,5,89,93743,0
Male,White,23,10004,Low,9,59,78362,0
Female,Hispanic,26,10033,Mid,6,51,25000,0
Non-binary,White,48,10002,Top,6,62,41092,1
Female,Black,46,10024,Low,3,97,89802,0
Male,Other,29,10046,Mid,13,54,68863,1
Male,Hispanic,22,10034,Mid,6,72,93672,1
Female,White,41,10002,Top,5,53,95380,0
Male,White,44,10001,Top,5,58,49989,0
Non-binary,Hispanic,53,10029,Low,11,50,82639,1
Non-binary,Black,32,10027,Low,10,73,76257,0
Female,White,60,10004,Top,5,65,33765,1
Male,White,45,9999,Top,8,56,45760,1
Male,Asian,32,10010,Top,9,80,118753,0
Female,Black,50,10026,Low,5,78,46447,0
Male,Hispanic,47,10028,Mid,1,74,73230,1
Male,Asian,37,10016,Mid,10,84,66186,0
Female,Black,56,10027,Low,5,62,68674,0
Female,White,41,9999,Top,9,70,70510,0
Female,White,24,9999,Top,9,62,92303,0
Female,White,22,10002,Top,8,48,91779,1
Male,White,22,10003,Mid,6,72,75358,0
Female,Hispanic,38,10031,Low,5,68,46910,0
Non-binary,Black,23,10025,Top,3,69,53624,0
Male,Asian,50,10014,Low,5,74,38481,0
Male,White,41,10003,Top,10,86,66311,1
Female,Black,27,10026,Low,13,64,29671,1
Female,Black,29,10027,Low,13,55,69376,0
Female,Black,50,10028,Low,8,64,70919,0
Female,Black,54,10028,Low,13,65,85105,0
Male,White,24,9998,Mid,6,81,48598,0
Male,White,56,10002,Low,2,71,49956,1
Female,White,26,10003,Low,15,53,103494,0
Female,White,48,10001,Mid,10,76,45625,0
Female,White,33,10003,Top,1,74,114024,1
Female,Black,41,10028,Mid,14,68,46522,0
Male,Asian,41,10015,Mid,5,81,51661,0
Male,Black,30,10026,Low,5,83,81856,0
Female,Hispanic,60,10028,Low,12,62,75987,0
Female,White,25,9998,Mid,13,56,105830,0
Female,Black,40,10022,Low,3,66,27173,0
Female,White,59,9998,Mid,13,73,83672,0
Female,White,48,10004,Low,11,65,72080,1
Male,White,64,10000,Low,4,58,51465,1
Male,White,34,10002,Mid,7,71,110629,1
Male,White,34,9999,Top,14,45,77706,1
Female,White,43,10002,Low,1,63,71743,0
Male,White,49,10000,Mid,13,80,82080,0
Male,Other,43,10041,Low,11,80,30432,0
Male,White,64,10000,Top,10,24,48027,0
Male,White,40,10001,Top,8,67,66347,0
Female,White,29,10001,Low,15,74,79328,0
Male,Black,29,10028,Low,16,55,90492,0
Male,White,63,10002,Mid,5,65,55301,1
Female,White,47,10002,Low,10,81,50734,0
Male,White,47,9999,Mid,15,64,83028,0
Male,White,44,10004,Mid,4,89,70282,0
Male,White,64,9999,Top,8,61,34574,0
Female,White,34,10001,Low,12,83,54632,1
Male,White,49,9998,Low,0,70,69364,0
Female,White,30,10000,Top,11,56,69915,0
Male,White,41,9999,Low,3,86,74797,0
Male,Hispanic,40,10033,Low,8,55,38993,0
Male,Black,60,10023,Low,12,60,62379,0
Male,White,33,9998,Mid,0,75,91941,1
Female,White,36,9998,Mid,11,67,25000,0
Female,Asian,52,10014,Top,16,70,64352,0
Non-binary,White,35,10000,Mid,5,65,39760,0
Male,White,32,9998,Low,10,55,72355,0
Male,Black,47,10028,Low,13,62,34904,0
Female,White,63,9999,Mid,1,82,75681,0
Male,White,48,9999,Top,11,53,105532,1
Male,White,32,10001,Top,12,89,53410,1
Male,Asian,59,10010,Top,10,73,53311,1
Male,White,55,10003,Top,8,62,63602,1
Non-binary,Black,64,10026,Low,3,45,71373,0
Female,Other,40,10043,Mid,13,44,44619,0
Female,White,27,10003,Low,8,62,65395,0
Male,White,59,10002,Top,4,64,59610,1
Male,White,63,9999,Mid,6,71,63669,0
Male,White,49,10003,Mid,9,90,79608,1
Male,White,22,10002,Top,1,76,84021,1
Male,Asian,56,10011,Top,8,68,40463,1
Female,Black,61,10023,Mid,6,81,71530,0
Female,Black,29,10023,Low,13,68,127915,1
Male,White,28,9999,Top,0,89,103884,1
Non-binary,Hispanic,32,10034,Low,11,61,52162,0
Female,Asian,60,10011,Low,13,53,72638,0
Female,Hispanic,25,10031,Low,0,42,64328,0
Female,White,46,10003,Top,1,65,82189,0
Male,Black,33,10026,Low,15,55,56555,1
Male,White,47,10001,Top,4,55,67617,1
Male,White,59,10004,Mid,20,82,58383,0
Female,White,33,10001,Low,0,46,94908,0
Male,Black,64,10022,Low,8,71,71219,0
Male,Black,58,10022,Mid,7,69,71371,1
Male,White,45,9998,Top,7,71,97367,1
Male,White,37,10000,Mid,9,86,97663,1
Female,White,34,9998,Mid,10,57,93889,0
Female,White,46,10002,Top,7,83,97063,0
Male,White,25,10001,Low,3,48,104253,1
Male,White,32,10002,Low,12,77,53667,0
Male,Hispanic,53,10033,Low,10,87,59026,1
Male,White,28,9998,Mid,8,21,87178,0
Male,White,32,10004,Mid,10,69,55289,1
Male,White,49,10000,Low,11,68,65734,1
Male,Asian,62,10015,Low,4,70,73888,0
Female,Black,44,10028,Mid,10,87,60397,1
Female,Black,44,10024,Mid,5,57,66320,0
Male,White,49,10003,Top,11,55,50092,1
Male,Black,64,10025,Low,7,70,64244,0
Female,White,47,10002,Mid,10,80,75680,0
Male,Black,46,10023,Low,6,76,97300,0
Female,Asian,50,10014,Top,10,67,64627,0
Female,Black,40,10022,Mid,4,64,51994,0
Male,Asian,54,10016,Top,8,45,84258,0
Male,Black,57,10023,Mid,11,77,25000,0
Female,White,35,10000,Top,9,75,66653,0
Male,Asian,35,10013,Mid,8,61,59725,0
Female,White,56,10001,Mid,15,61,78218,0
Female,White,51,10000,Mid,12,54,97924,0
Female,White,49,9998,Mid,11,77,104025,1
Male,White,38,10000,Top,10,65,77938,1
Female,White,24,10003,Mid,11,65,41966,1
Male,White,37,10004,Low,14,77,62716,1
Male,White,51,10004,Top,6,73,64908,1
Female,Black,50,10022,Low,12,73,72344,0
Male,White,36,9999,Mid,9,72,74124,1
Non-binary,White,46,10000,Low,6,72,59234,0
Female,Black,59,10022,Low,7,69,39967,0
Male,White,63,10004,Top,8,75,55628,1
Male,Black,59,10023,Low,4,76,46893,0
Male,Black,44,10024,Mid,11,55,97431,0
Male,Hispanic,46,10031,Low,7,62,49606,0
Male,Black,63,10024,Mid,8,67,66202,0
Female,White,28,10002,Mid,13,72,92368,0
Male,Black,43,10024,Low,8,89,68897,1
Male,White,38,10002,Low,14,60,51279,0
Female,White,39,9999,Top,5,77,92701,1
Male,Hispanic,62,10030,Low,3,63,72083,0
Female,White,31,9999,Mid,6,83,29290,0
Male,Hispanic,31,10029,Mid,0,92,89914,0
Male,Hispanic,28,10034,Low,11,49,82467,0
Female,Hispanic,59,10028,Mid,3,63,71770,0
Female,Asian,48,10011,Top,5,38,102695,1
Female,White,54,9999,Low,10,46,90009,0
Female,White,22,10004,Top,8,47,95558,1
Female,Black,55,10028,Low,6,74,85728,0
Male,White,25,10000,Top,0,75,88140,1
Male,Black,38,10028,Top,13,79,29182,0
Female,Black,25,10024,Mid,10,74,31570,0
Female,Black,64,10025,Low,16,72,82016,0
Non-binary,White,47,10004,Mid,5,71,97633,0
Male,White,25,9998,Top,2,68,58896,1
Male,White,22,9999,Top,11,82,50724,1
Female,White,28,9998,Low,7,67,78253,1
Male,Asian,51,10014,Top,10,76,40958,0
Female,White,30,10004,Low,14,39,69622,0
Female,White,56,9999,Top,9,52,65897,0
Male,White,29,9998,Mid,8,81,68510,1
Female,Black,45,10028,Mid,8,58,102688,0
Female,Black,40,10028,Low,1,50,52320,0
Male,White,57,10001,Mid,12,77,74068,0
Female,White,64,10001,Mid,12,67,46756,0
Male,White,48,9999,Top,10,65,91807,1
Female,White,53,10002,Mid,1,85,69408,0
Male,Black,35,10025,Low,7,86,88566,0
Female,Black,39,10025,Top,13,64,25000,0
Male,White,49,10002,Top,5,78,71837,0
Male,White,50,9998,Low,12,43,75642,0
Female,Other,37,10044,Mid,8,80,83230,1
Male,White,56,10000,Mid,10,56,60160,1
Male,Black,52,10027,Low,6,52,80736,0
Non-binary,White,25,10003,Low,8,48,62451,0
Non-binary,White,58,10001,Low,9,47,74875,0
Female,White,38,9998,Low,3,79,91439,0
Female,White,60,10004,Top,9,74,54404,0
Male,Asian,47,10010,Low,0,60,84811,0
Male,White,60,9999,Top,5,80,79698,1
Male,White,62,10000,Mid,10,62,66326,0
Female,White,25,9998,Mid,12,70,59635,0
Female,White,51,10002,Top,9,61,30983,0
Female,White,51,10000,Low,2,65,71394,1
Female,White,43,10003,Top,12,56,66359,0
Male,Hispanic,32,10030,Low,3,60,77782,0
Male,White,23,10002,Low,10,76,83759,0
Male,White,33,10001,Low,3,78,94402,0
Male,Asian,51,10014,Top,4,65,92134,0
Male,White,57,10002,Mid,4,51,136110,0
Female,Asian,39,10013,Mid,8,96,80273,1
Male,White,47,10001,Top,7,70,55790,0
Male,Asian,28,10013,Mid,10,73,86523,0
Male,Black,22,10025,Mid,7,54,97118,0
Female,Hispanic,47,10031,Low,1,81,74497,0
Female,Other,44,10045,Low,9,83,25000,0
Male,White,47,9999,Mid,0,49,84107,0
Male,Asian,27,10011,Mid,4,68,57402,0
Female,White,27,9998,Mid,6,64,46561,0
Male,White,29,9999,Mid,6,98,76733,0
Female,White,45,10003,Top,1,84,42483,0
Female,White,43,9999,Top,13,49,93462,0
Male,White,40,10002,Mid,14,61,87617,1
Male,Black,58,10025,Low,17,59,63266,0
Non-binary,White,39,10001,Mid,12,74,61998,0
Male,Hispanic,52,10034,Mid,6,88,61318,0
Male,Hispanic,58,10034,Mid,6,71,44781,0
Female,White,51,10004,Top,6,73,71459,1
Female,White,63,10002,Low,15,59,25000,0
Non-binary,White,54,10003,Mid,7,75,74774,0
Female,White,31,9999,Top,13,61,75284,0
Male,White,58,10002,Top,12,50,89902,0
Male,White,33,9998,Low,8,75,78996,0
Female,White,51,10001,Top,2,66,92546,0
Female,Asian,48,10016,Mid,7,53,80940,0
Male,Black,60,10024,Top,8,89,85730,1
Female,White,30,9998,Low,13,57,125428,0
Male,Black,42,10028,Low,8,77,73400,0
Male,White,33,10003,Mid,3,65,76680,1
Male,White,50,9998,Top,11,88,96740,1
Male,Black,54,10026,Mid,7,67,55635,1
Male,White,64,9999,Mid,0,49,70616,0
Male,White,36,10001,Mid,9,79,81419,1
Male,Other,23,10046,Mid,10,88,66448,1
Female,Asian,60,10015,Top,4,61,71358,1
Female,Black,39,10024,Low,7,75,82995,0
Female,Black,24,10022,Low,10,68,31078,0
Non-binary,Black,28,10024,Mid,9,65,105669,1
Male,White,64,9999,Top,1,80,82718,0
Male,White,39,10004,Low,13,60,64994,0
Female,White,59,9999,Mid,14,67,105561,0
Male,White,58,10004,Low,5,73,75070,0
Non-binary,White,54,10000,Mid,0,72,75597,0
Male,White,52,10001,Top,11,60,68705,1
Non-binary,Asian,32,10011,Top,5,94,99353,0
Male,Asian,25,10012,Top,10,85,69812,0
Female,Black,39,10022,Low,16,78,53831,0
Male,White,25,10000,Mid,1,87,92975,1
Non-binary,Hispanic,55,10030,Mid,4,70,88659,0
Male,White,50,10002,Low,7,65,105132,0
Female,Hispanic,45,10029,Mid,13,53,77671,0
Non-binary,White,43,10001,Low,22,61,95925,0
Male,Hispanic,23,10031,Low,8,57,59814,0
Female,White,27,10002,Top,1,60,93515,0
Female,Asian,63,10016,Top,6,70,84850,1
Male,Asian,46,10015,Mid,4,80,80609,1
Female,White,42,10004,Mid,10,77,41857,0
Female,White,37,10001,Mid,9,52,65236,0
Female,Other,52,10043,Low,3,75,64085,1
Male,White,35,10002,Mid,4,83,83631,0
Male,Hispanic,60,10028,Mid,6,66,113014,0
Non-binary,Black,49,10023,Mid,7,84,82184,0
Female,White,53,9999,Mid,7,77,56799,0
Male,White,49,9999,Top,8,54,63395,1
Female,White,30,10000,Low,12,93,100797,0
Male,Hispanic,43,10028,Mid,6,61,54515,0
Male,White,53,10002,Top,5,81,93374,1
Male,White,26,10002,Top,2,81,75344,1
Male,White,44,9999,Mid,7,55,69672,1
Female,Black,26,10022,Mid,9,69,54818,1
Male,Hispanic,63,10028,Low,1,80,25000,0
Non-binary,Other,53,10041,Mid,6,55,75795,1
Non-binary,White,31,10001,Low,12,71,51957,0
Female,Hispanic,60,10031,Low,10,78,36632,0
Male,Hispanic,36,10029,Mid,9,82,69955,0
Male,Black,28,10022,Low,10,65,85590,1
Female,Asian,50,10015,Top,5,85,36063,1
Female,White,24,9998,Mid,5,82,93067,1
Male,White,40,10002,Top,13,72,54935,0
Female,Hispanic,31,10032,Low,11,59,77978,0
Female,White,49,9999,Low,5,53,84578,1
Female,Hispanic,50,10033,Low,0,71,60867,0
Female,Asian,36,10010,Mid,5,84,70597,0
Female,White,56,10004,Low,10,65,65075,0
Male,Asian,27,10015,Top,5,59,75270,1
Female,White,33,9999,Low,9,76,78094,0
Female,White,59,10002,Top,13,69,54522,0
Male,Black,34,10028,Low,7,76,37843,0
Male,Asian,50,10014,Mid,8,63,90167,1
Male,White,40,10001,Low,10,65,77080,1
Female,White,24,9999,Mid,3,60,90396,0
Non-binary,Black,29,10023,Low,4,75,51591,1
Male,Black,29,10022,Low,10,65,48511,0
Female,Black,41,10022,Top,8,74,44763,0
Male,White,25,10001,Mid,8,62,69384,0
Non-binary,White,42,10004,Mid,8,75,77648,0
Female,White,24,10000,Low,11,75,62123,0
Female,Hispanic,29,10033,Low,9,70,96296,0
Male,White,44,10000,Top,9,81,60157,0
Male,White,37,10000,Top,12,64,77975,1
Male,Asian,34,10011,Mid,14,78,52339,0
Male,White,24,10003,Top,16,72,59537,0
Female,Other,30,10042,Mid,5,57,63273,0
Female,Black,35,10027,Low,17,44,48347,0
Non-binary,Hispanic,34,10032,Low,3,49,66788,0
Non-binary,White,28,9999,Mid,15,43,81805,0
Female,White,36,9999,Top,5,72,94867,1
Female,Hispanic,28,10029,Low,7,63,43401,0
Female,Hispanic,59,10034,Mid,8,68,68356,0
Female,Hispanic,55,10031,Low,4,64,63761,0
Male,White,62,9999,Top,8,76,36036,1
Male,Hispanic,43,10028,Low,4,77,42424,0
Male,Hispanic,45,10028,Low,3,70,74498,0
Non-binary,Black,58,10027,Mid,7,71,37946,0
Female,Hispanic,22,10032,Low,14,68,63531,0
Male,Hispanic,31,10031,Low,6,86,25000,0
Female,Black,64,10028,Mid,11,42,62940,0
Female,White,37,10003,Low,4,58,31929,0
Male,White,29,9998,Top,2,80,60908,1
Male,White,46,10001,Low,9,83,64245,0
Female,White,33,10001,Low,15,72,75460,1
Male,White,46,10002,Top,8,67,67948,0
Female,White,38,10001,Low,11,89,48281,0
Male,White,47,9999,Mid,13,72,48655,0
Female,White,35,10001,Top,7,67,40717,0
Female,Hispanic,62,10032,Low,7,82,69129,1
Female,Asian,57,10015,Mid,9,72,73247,0
Female,White,44,10002,Mid,10,78,86388,1
Male,Asian,64,10016,Top,2,82,59997,0
Male,White,27,10002,Top,9,65,38313,1
Male,White,26,9998,Low,7,91,66680,1
Female,White,64,9999,Top,4,37,73220,1
Female,White,46,9998,Top,7,43,49705,1
Female,Hispanic,39,10033,Low,3,58,43603,0
Male,Black,34,10024,Low,1,64,74018,0
Male,White,64,10003,Mid,8,74,75012,1
Male,White,35,9999,Top,11,61,95657,0
Male,White,49,10001,Top,6,69,107442,1
Female,White,39,10002,Top,4,64,42943,0
Male,White,49,10000,Low,4,94,64622,0
Male,White,48,9999,Top,10,60,75472,1
Female,Hispanic,53,10028,Low,14,46,72271,0
Male,Asian,30,10014,Mid,11,83,90317,0
Male,White,61,10003,Low,13,61,87572,0
Female,Asian,53,10010,Low,3,65,92768,0
Male,White,41,9999,Top,7,62,74227,0
Female,White,49,9999,Top,12,75,60429,0
Female,White,54,10003,Mid,2,50,111999,0
Female,Black,25,10024,Mid,5,33,68066,0
Male,Other,55,10046,Low,11,85,60163,0
Female,Black,24,10025,Low,9,69,43555,0
Male,White,47,9998,Low,4,82,76189,0
Male,Black,29,10024,Top,1,85,85089,0
Male,White,27,10002,Low,13,59,62990,0
Non-binary,Asian,37,10016,Top,0,70,67332,1
Male,White,45,10001,Mid,10,76,77983,0
Male,White,60,10000,Mid,5,68,82443,0
Female,Black,51,10028,Low,12,63,59803,0
Male,Black,34,10028,Mid,3,67,57127,0
Male,White,26,9998,Low,18,83,62784,1
Male,Black,46,10023,Low,9,66,42868,1
Male,White,41,10002,Low,10,77,57596,0
Male,Black,39,10027,Top,4,74,49058,1
Male,Hispanic,39,10028,Low,7,58,34156,0
Female,Hispanic,23,10031,Low,7,70,84858,0
Male,Black,31,10028,Mid,15,51,72191,0
Male,White,33,10001,Top,9,74,75844,0
Female,White,34,10004,Top,10,77,99090,0
Male,Hispanic,32,10029,Top,10,83,79356,1
Female,White,40,9999,Mid,10,55,57207,0
Male,White,56,10002,Low,2,63,96467,1
Male,White,60,10003,Mid,16,73,92445,1
Male,White,47,10002,Mid,4,64,50641,1
Male,Black,35,10023,Low,7,46,83055,0
Male,White,45,9999,Top,14,63,63655,1
Male,Hispanic,62,10031,Low,15,73,84942,0
Male,White,22,9999,Mid,11,82,66241,1
Male,White,64,10000,Mid,5,90,62333,1
Male,White,43,10004,Top,8,71,64394,1
Male,White,44,9998,Mid,8,76,53556,0
Male,White,40,9999,Top,8,81,43392,1
Male,Black,39,10026,Low,3,45,25000,0
Female,White,33,10003,Top,13,54,51906,0
Male,Hispanic,49,10034,Low,8,71,117612,0
Female,White,49,10004,Mid,5,85,82565,1
Female,White,54,10003,Top,6,74,110284,0
Male,Hispanic,40,10033,Low,9,73,58635,0
Female,White,49,10004,Top,2,64,63633,0
Female,White,58,10000,Low,11,72,107330,0
Male,White,47,10002,Low,8,62,80515,0
Male,White,56,10000,Low,14,60,53894,1
Female,Hispanic,55,10029,Top,8,58,77658,0
Female,White,56,9998,Mid,3,83,98017,0
Male,Hispanic,61,10033,Low,3,59,36442,1
Male,Asian,37,10014,Mid,6,65,79293,0
Male,White,59,10003,Top,6,75,45765,0
Male,Asian,34,10012,Mid,5,59,93935,0
Female,White,44,10001,Mid,8,69,77613,0
Male,Asian,43,10011,Top,5,72,82593,0
Male,White,37,9998,Top,9,62,68651,0
Female,Black,49,10023,Mid,5,63,29367,0
Male,White,56,10001,Low,10,58,64171,1
Male,White,29,9998,Low,6,86,91596,0
Female,Black,43,10025,Low,12,70,104872,1
Female,Black,42,10023,Mid,10,54,70645,0
Male,White,47,10000,Top,8,71,59272,0
Male,White,61,10004,Low,7,72,83714,0
Male,Black,42,10023,Low,1,43,81797,0
Male,Black,46,10023,Low,13,86,67655,0
Male,Asian,62,10011,Mid,5,58,71424,0
Male,Hispanic,22,10032,Mid,8,95,69272,1
Male,Asian,27,10013,Mid,9,79,70871,1
Male,Black,44,10025,Mid,7,56,70955,0
Male,White,44,10003,Top,13,66,109551,0
Male,White,64,10001,Mid,3,81,32333,0
Male,Hispanic,64,10033,Top,14,67,60230,0
Male,Black,44,10026,Top,10,84,46352,0
Male,White,53,10000,Mid,7,65,96616,0
Female,White,51,10003,Mid,7,66,70182,1
Female,Asian,34,10011,Low,0,78,81194,0
Female,White,64,10000,Top,4,74,101546,0
Female,White,39,10004,Top,6,55,51379,0
Male,White,44,10002,Top,8,75,62449,0
Male,White,36,10001,Top,13,72,99481,1
Male,White,54,10003,Top,16,59,50578,0
Female,White,42,9999,Mid,9,50,63124,0
Female,White,60,9998,Mid,8,43,40992,0
Male,Hispanic,44,10034,Low,6,66,92267,0
Male,White,48,9998,Low,1,69,61375,0
Male,Hispanic,39,10030,Low,5,76,72023,0
Male,Hispanic,45,10031,Top,7,79,78519,0
Female,White,61,9998,Top,11,62,56935,0
Female,Black,63,10024,Low,10,66,26919,0
Male,White,28,10002,Mid,8,60,68610,1
Non-binary,Asian,41,10012,Mid,5,71,65283,1
Female,White,48,10004,Low,0,78,71789,0
Male,Black,27,10024,Low,0,71,63900,0
Male,Black,48,10028,Low,1,83,55024,0
Male,White,30,10000,Mid,6,81,62249,1
Male,White,52,9999,Top,11,87,78954,1
Male,Black,42,10024,Low,11,71,48522,0
Male,Hispanic,47,10033,Low,11,63,63093,1
Male,White,61,10000,Top,5,77,61740,0
Male,Black,34,10023,Low,12,65,70912,0
Female,White,44,9999,Mid,4,74,95171,1
Male,Black,41,10026,Low,11,62,87987,0
Male,White,58,10004,Mid,1,60,98785,1
Male,Asian,49,10013,Top,3,84,63318,1
Non-binary,White,38,9998,Low,14,57,67999,1
Male,White,49,9998,Low,7,82,47620,1
Male,White,62,10000,Mid,5,77,66149,0
Non-binary,White,23,10002,Top,12,71,66863,0
Female,White,46,10000,Mid,12,44,60657,1
Female,White,62,9998,Mid,6,84,60564,0
Male,Hispanic,27,10034,Top,9,58,31046,0
Male,White,32,10004,Top,8,81,46161,0
Female,White,59,10004,Mid,0,58,73890,0
Female,White,27,9999,Mid,2,57,74641,0
Female,White,32,10001,Mid,11,75,82661,0
Female,White,35,10002,Top,4,73,67822,0
Male,White,23,9999,Mid,10,56,73233,0
Female,White,61,10001,Low,9,84,98010,1
Male,White,24,10002,Top,12,67,71941,1
Male,White,56,10002,Top,2,70,60358,1
Male,Black,54,10022,Low,9,66,41181,1
Male,White,45,9999,Low,7,56,88949,0
Male,White,40,10002,Mid,4,78,38933,0
Male,Asian,39,10015,Top,4,73,53231,1
Female,White,45,10004,Top,8,57,81371,1
Male,Black,56,10026,Low,10,81,26868,0
Female,White,22,10001,Top,8,67,60712,1
Male,Hispanic,57,10028,Low,8,70,67583,0
Male,Hispanic,46,10030,Low,6,91,57333,0
Male,White,64,10004,Top,6,50,53346,1
Male,Other,55,10041,Low,4,50,53131,0
Male,White,46,10000,Mid,5,53,89339,0
Male,White,37,9999,Mid,10,74,109627,0
Male,Hispanic,55,10029,Mid,10,65,67789,1
Non-binary,Hispanic,50,10032,Mid,2,66,25234,0
Male,White,40,10003,Mid,4,58,84362,0
Female,White,44,9999,Mid,5,86,65072,0
Male,White,40,10002,Top,7,94,51091,1
Female,White,46,10004,Top,1,77,56994,0
Female,Hispanic,37,10028,Mid,4,48,49844,0
Female,White,30,9999,Low,2,61,44783,0
Male,White,22,9998,Low,9,79,71738,0
Male,White,63,9998,Low,7,69,109562,0
Male,White,40,10003,Top,6,80,51016,1
Female,White,54,9999,Low,3,81,108946,0
Female,Black,55,10022,Mid,6,89,69162,0
Non-binary,Other,37,10046,Mid,5,62,63142,0
Male,Hispanic,61,10033,Low,14,70,58560,0
Female,White,39,9999,Top,11,61,56877,1
Female,Asian,55,10015,Top,5,42,75837,0
Male,Hispanic,46,10029,Mid,8,78,75439,0
Male,Hispanic,27,10029,Mid,11,76,25000,0
Female,White,42,10000,Mid,5,60,123860,0
Female,White,27,9998,Mid,2,47,36780,0
Female,White,53,10001,Low,0,62,62553,0
Male,White,62,9999,Mid,13,78,25000,0
Female,White,64,9998,Mid,7,83,67641,1
Male,White,60,10004,Top,9,61,63770,0
Male,White,52,10003,Top,5,83,62766,0
Male,Hispanic,63,10032,Low,2,77,71086,0
Female,White,31,9999,Top,3,71,68123,1
Female,White,51,10003,Mid,2,51,83768,1
Male,Asian,39,10015,Top,11,54,45253,0
Male,Asian,45,10015,Mid,13,60,71547,0
Female,Hispanic,30,10033,Low,8,63,52366,1
Male,Other,52,10046,Mid,1,91,57593,0
Female,White,36,9999,Top,9,59,78406,0
Male,Asian,25,10016,Mid,13,79,59913,1
Male,White,61,10001,Mid,11,64,70896,1
Male,White,30,10000,Top,7,75,49915,0
Male,White,30,10003,Mid,7,69,94910,1
Female,White,47,10003,Top,7,69,87568,1
Male,White,25,10000,Low,12,74,74999,1
Male,Black,38,10028,Low,11,67,60146,0
Female,Hispanic,37,10034,Mid,6,71,62912,0
Male,Black,36,10023,Low,6,84,86480,0
Male,White,56,9998,Mid,6,60,86152,1
Female,Hispanic,26,10032,Mid,3,81,86816,1
Female,Black,26,10026,Mid,13,63,58162,0
Male,White,41,9998,Top,4,65,82667,1
Female,Black,36,10023,Mid,9,75,88773,0
Female,White,39,10002,Top,5,62,54477,1
Male,White,23,10004,Mid,6,73,53219,1
Male,Asian,50,10012,Top,7,72,75504,1
Female,White,34,9998,Mid,10,41,48301,0
Female,White,25,10004,Mid,6,72,36683,0
Male,Asian,63,10013,Mid,3,52,93492,0
Female,Black,31,10023,Low,8,50,91977,0
Female,White,52,9998,Low,4,71,49399,0
Male,White,62,10002,Mid,14,76,44360,0
Male,White,29,9999,Mid,6,84,59936,0
Male,Black,24,10024,Mid,5,56,90056,0
Female,White,30,9999,Low,15,58,64785,0
Male,White,51,9999,Top,10,75,74893,1
Female,Asian,32,10012,Top,4,81,76498,1
Female,White,56,10003,Mid,4,69,76476,0
Female,White,58,10000,Top,9,56,102881,0
Male,White,63,10004,Top,8,88,58602,0
Female,Black,34,10023,Low,11,63,62955,0
Male,White,57,10000,Mid,5,67,77648,0
Female,White,34,10003,Mid,10,49,72020,0
Male,Hispanic,33,10034,Low,0,78,40617,1
Male,White,58,9998,Top,7,80,43549,0
Female,White,31,10000,Top,5,58,43130,0
Male,White,30,10000,Mid,6,91,87525,0
Male,White,28,9999,Top,7,62,56591,0
Female,White,23,10004,Mid,12,74,82385,0
Female,White,44,9998,Top,3,69,74734,0
Female,White,60,10001,Mid,0,42,53502,0
Female,White,61,10001,Mid,3,73,54002,0
Male,Hispanic,60,10032,Low,12,75,67680,0
Male,Other,42,10043,Mid,1,48,66553,0
Male,Hispanic,44,10030,Low,5,88,74840,1
Male,Hispanic,50,10028,Mid,11,75,55849,1
Female,White,35,10003,Top,7,81,56065,1
Female,Asian,47,10013,Top,12,46,72197,0
Male,White,26,10002,Mid,0,65,101398,0
Male,Asian,52,10010,Top,6,84,32466,0
Female,Other,46,10043,Mid,13,48,49018,1
Male,Black,52,10025,Mid,3,65,76808,0
Female,Other,41,10047,Low,12,71,69329,0
Male,Black,38,10026,Low,7,47,77100,0
Female,White,23,9999,Top,9,51,64406,0
Male,White,46,10001,Top,13,86,40761,0
Female,Black,34,10026,Mid,9,67,98429,1
Female,White,60,9998,Mid,5,81,94676,1
Female,Black,49,10023,Mid,10,69,64516,0
Female,Other,63,10045,Top,5,96,48166,0
Female,White,27,10002,Mid,9,72,63188,0
Female,Hispanic,24,10030,Mid,2,82,69581,0
Male,Asian,56,10015,Mid,8,67,64967,0
Female,Asian,39,10013,Mid,12,69,69710,1
Female,Asian,32,10012,Mid,6,74,102202,0
Male,White,41,10004,Top,12,79,91473,1
Female,Other,26,10042,Low,20,66,41584,0
Female,Hispanic,40,10033,Low,7,67,66538,0
Female,White,43,10002,Top,10,73,62592,1
Male,White,40,10000,Top,9,76,78958,1
Male,Black,37,10027,Mid,8,57,63733,0
Non-binary,White,45,10004,Low,11,72,132353,0
Female,Black,62,10025,Low,7,70,73585,0
Male,Black,25,10028,Low,5,58,62316,0
Female,White,36,9999,Low,1,77,109860,0
Female,Black,46,10022,Top,6,71,69110,0
Male,Hispanic,56,10030,Top,11,97,34625,1
Female,White,35,9999,Low,4,66,70511,0
Male,White,40,9998,Low,8,83,85274,1
Male,White,59,10000,Mid,7,76,82690,0
Male,White,57,9999,Low,5,93,93103,0
Female,Asian,28,10016,Low,0,55,73074,1
Male,White,51,9999,Low,13,64,74662,0
Male,Black,40,10027,Low,10,58,36950,0
Male,White,46,10004,Low,18,69,103568,1
Male,White,37,10000,Top,12,56,66887,0
Female,Hispanic,61,10029,Low,13,48,45409,1
Male,Black,29,10026,Mid,1,44,117558,0
Male,White,39,10000,Low,0,43,106601,0
Female,White,49,9999,Mid,8,74,64045,1
Male,White,37,10003,Mid,3,64,35386,1
Male,White,40,9998,Mid,5,55,58630,1
Male,Black,63,10022,Top,18,62,96582,1
Male,White,38,10002,Top,12,63,76534,1
Male,White,34,10000,Low,4,58,46011,0
Male,White,28,10003,Low,0,89,88679,0
Male,Asian,48,10011,Top,3,87,65802,0
Female,Other,31,10042,Low,5,86,52025,0
Male,White,55,9998,Low,6,72,61543,0
Female,Hispanic,57,10033,Low,2,70,91127,0
Female,White,46,10004,Top,12,59,83932,1
Male,White,27,10002,Low,5,59,43278,0
Female,Hispanic,45,10028,Low,10,67,72343,1
Male,Asian,39,10010,Low,8,77,72152,0
Non-binary,Asian,44,10014,Mid,11,84,61591,0
Male,Black,27,10024,Low,7,63,57646,0
Male,White,50,9999,Mid,4,54,55698,0
Male,Hispanic,46,10030,Mid,5,78,51749,0
Non-binary,White,38,10003,Top,5,48,78794,1
Male,Black,45,10028,Mid,16,69,59448,0
Female,White,32,10001,Top,8,68,83913,0
Male,Black,47,10025,Low,8,65,49300,1
Female,White,55,10001,Mid,11,48,87149,0
Male,White,49,10002,Low,7,65,99288,0
Female,Asian,24,10010,Top,12,86,69864,1
Male,White,32,10004,Mid,6,77,83412,0
Male,White,59,10000,Top,6,83,84192,0
Male,White,35,9999,Top,4,55,62958,0
Male,White,47,10001,Top,15,73,84267,0
Female,White,42,10000,Mid,7,68,27631,0
Male,White,60,10001,Top,3,71,25000,0
Female,Hispanic,51,10034,Low,8,73,58410,1
Male,White,29,10001,Top,5,71,85669,1
Male,Asian,41,10011,Low,6,55,68298,1
Male,Black,53,10027,Low,9,77,79917,0
Male,White,43,10003,Low,14,80,48965,1
Female,Black,28,10028,Low,8,82,82656,0
Male,White,30,10003,Low,5,86,105576,0
Male,Hispanic,22,10032,Low,5,75,51071,1
Female,White,50,9998,Mid,10,53,88419,1
Female,White,29,10002,Top,0,48,73456,1
Male,Asian,25,10012,Top,3,67,78836,1
Male,Asian,56,10014,Top,8,81,102536,1
Female,Asian,24,10012,Mid,1,77,76546,0
Male,White,61,10000,Mid,6,73,88288,1
Male,Hispanic,28,10028,Low,6,69,39739,0
Male,White,48,9999,Low,11,92,87672,0
Female,White,22,10004,Mid,6,73,105200,1
Female,White,48,9998,Mid,12,65,54529,1
Male,Black,37,10028,Low,8,62,58539,0
Male,White,59,10003,Top,15,57,86722,1
Male,White,28,10003,Low,2,56,81955,1
Female,Hispanic,44,10032,Mid,14,54,37805,0
Male,White,62,10000,Mid,6,73,76298,1
Male,White,32,10001,Top,13,69,66346,0
Female,White,63,10001,Low,12,63,53626,1
Male,Asian,54,10016,Mid,0,78,97134,0
Female,White,57,10000,Top,9,88,73109,0
Male,White,58,10004,Top,11,60,92660,1
Male,Hispanic,62,10028,Low,13,61,41531,0
Male,Hispanic,38,10029,Low,3,43,76778,0
Female,White,56,9998,Low,10,66,94233,0
Female,Black,26,10024,Low,8,65,60157,0
Female,Hispanic,53,10030,Mid,9,77,55056,1
Male,Black,24,10023,Low,11,68,38914,0
Female,White,56,10004,Mid,12,59,55638,1
Male,Asian,35,10014,Mid,5,72,60947,0
Male,White,52,10002,Top,9,76,53481,0
Female,White,52,9999,Mid,8,47,57641,1
Male,White,38,10002,Mid,7,82,76161,1
Male,White,45,10001,Low,7,85,78555,1
Male,White,44,10002,Low,8,76,94816,0
Male,Hispanic,39,10032,Low,5,58,49764,0
Male,White,35,10002,Mid,11,66,73463,1
Female,White,36,10001,Top,13,81,64646,1
Male,White,36,10004,Low,4,58,63232,0
Female,White,27,10002,Mid,13,74,66677,1
Female,Other,48,10046,Mid,4,66,61076,0
Male,White,36,10001,Mid,11,71,78007,1
Male,White,57,9999,Low,13,59,66392,1
Male,White,29,9998,Top,7,73,97546,1
Female,White,36,9999,Mid,4,70,38911,0
Male,White,24,9998,Mid,5,51,94079,0
Female,Black,34,10023,Top,9,66,57629,1
Male,Asian,62,10015,Top,15,77,66223,1
Female,White,55,9998,Low,1,62,72807,0
Male,Black,45,10022,Low,8,40,79112,0
Male,Hispanic,61,10030,Mid,7,68,47394,1
Female,Hispanic,53,10028,Low,6,84,51862,1
Female,White,53,9998,Low,7,62,83011,0
Male,White,51,10000,Mid,5,87,39036,1
Female,White,34,10002,Mid,12,57,72316,1
Male,Black,22,10026,Low,13,56,49045,0
Female,Hispanic,55,10030,Low,8,66,44835,1
Female,White,36,10001,Top,7,57,40230,0
Male,White,35,9998,Low,6,73,88446,0
Male,Asian,50,10010,Mid,8,65,73176,1
Male,Hispanic,55,10030,Mid,15,87,51554,1
Male,Other,39,10043,Mid,7,64,61708,0
Female,Hispanic,28,10031,Low,4,68,43142,0
Male,White,50,10003,Low,6,77,62276,0
Male,Black,52,10026,Low,11,81,61033,0
Female,Black,46,10023,Mid,5,84,66279,0
Non-binary,White,59,10003,Mid,7,67,80841,0
Male,White,35,10004,Mid,9,65,36882,0
Male,Black,29,10026,Mid,5,47,72903,0
Male,White,48,9998,Mid,0,94,38490,0
Male,Hispanic,23,10034,Low,3,74,73630,0
Female,Black,38,10027,Top,4,76,60733,0
Male,Asian,58,10012,Mid,7,76,91829,0
Female,White,35,10001,Top,8,67,59510,1
Male,White,46,10002,Top,11,74,88616,1
Female,Black,51,10025,Mid,3,60,41652,0
Female,White,50,10004,Top,10,63,75117,0
Female,Black,41,10026,Low,6,55,25000,0
Male,Hispanic,42,10033,Mid,0,88,82661,1
Male,White,43,9998,Mid,8,76,107537,0
Male,White,56,9999,Top,13,93,59035,1
Female,White,58,10001,Low,11,94,75452,1
Female,White,37,10001,Mid,7,50,81876,0
Female,Asian,64,10011,Mid,12,78,38994,1
Female,Hispanic,38,10031,Mid,8,50,50017,0
Female,Black,37,10025,Mid,11,69,48779,1
Male,Black,23,10026,Mid,1,73,113141,1
Female,White,25,10002,Low,3,51,93916,0
Male,Asian,42,10011,Mid,10,61,65658,1
Male,Black,60,10028,Low,14,74,80580,1
Male,Black,55,10022,Low,9,72,69224,0
Male,Hispanic,51,10033,Mid,6,57,76860,0
Male,White,27,10003,Mid,4,61,51929,1
Female,Hispanic,38,10034,Low,6,49,92467,0
Male,White,60,10001,Mid,12,55,57645,0
Female,White,46,9998,Mid,6,62,58680,1
Male,White,26,9999,Mid,12,81,84804,1
Male,Other,26,10047,Mid,10,83,71915,0
Male,Hispanic,41,10029,Low,14,92,65463,0
Male,Black,37,10026,Low,8,75,81792,0
Female,Black,62,10025,Mid,7,69,41778,0
Male,Black,58,10024,Low,12,75,101887,0
Female,Asian,61,10011,Top,4,72,59986,0
Male,White,30,10004,Low,6,50,71231,0
Female,White,26,10001,Low,1,89,110196,1
Female,White,63,9998,Low,2,43,58811,0
Female,Hispanic,23,10034,Low,15,80,85460,1
Male,Hispanic,30,10032,Mid,10,70,60713,1
Male,White,64,10003,Top,2,56,56163,0
Male,White,57,9998,Mid,12,76,65325,1
Female,Hispanic,43,10029,Mid,5,65,76325,1
Male,White,43,9999,Top,10,61,93285,0
Male,Black,43,10022,Low,10,53,69512,0
Female,Other,55,10042,Mid,14,49,33041,0
Male,White,50,10004,Low,5,62,85710,0
Female,White,59,10001,Low,5,62,70157,0
Male,Black,54,10023,Low,0,55,42950,0
Male,Hispanic,39,10032,Low,7,70,71927,0
Female,White,28,10001,Low,10,54,95676,0
Male,Asian,22,10016,Mid,11,74,70134,0
Female,White,54,10000,Mid,13,81,91466,1
Male,White,22,9999,Top,9,73,82247,0
Male,Black,45,10023,Low,10,68,74506,0
Female,Hispanic,25,10032,Low,8,60,58890,0
Female,White,25,10004,Mid,10,84,89373,0
Female,Hispanic,39,10032,Top,4,64,83283,0
Male,Black,48,10027,Low,2,99,80853,0
Female,White,64,10004,Top,4,52,66724,0
Male,White,53,9998,Low,8,73,92701,1
Male,Hispanic,54,10028,Low,2,86,72726,1
Female,White,49,9998,Top,5,58,53553,1
Male,White,63,10002,Mid,5,67,65370,1
Non-binary,White,62,9998,Top,11,77,62391,0
Male,Asian,57,10016,Mid,10,74,30242,0
Male,Black,27,10022,Mid,8,76,85068,0
Male,Hispanic,37,10030,Low,9,83,127023,1
Female,White,55,9998,Mid,9,62,97166,1
Female,Black,44,10023,Mid,6,84,68257,1
Female,Black,63,10027,Mid,5,46,54683,0
Female,Hispanic,45,10032,Mid,14,79,46498,0
Female,Asian,34,10013,Mid,0,80,73012,1
Female,White,39,10003,Top,5,57,92366,0
Male,Black,34,10024,Low,7,52,51508,0
Male,White,58,10002,Low,10,67,124285,0
Male,White,64,10004,Low,12,74,45320,1
Non-binary,White,60,10002,Low,15,65,77489,0
Female,White,63,9999,Low,7,73,74405,1
Male,White,38,10004,Top,7,93,73132,1
Female,Black,36,10027,Mid,9,50,53622,0
Female,White,39,10003,Mid,5,43,74649,0
Male,Hispanic,44,10028,Low,3,69,56004,1
Female,White,51,10004,Low,7,58,98757,0
Female,White,55,9999,Top,10,61,105415,0
Male,Hispanic,25,10028,Mid,7,85,57229,1
Female,White,24,9998,Top,9,65,40100,0
Male,White,28,10002,Low,0,69,79352,0
Female,Black,39,10027,Low,8,61,70631,0
Non-binary,White,63,9998,Top,6,69,75104,0
Female,White,28,10000,Mid,2,70,83659,0
Male,White,61,10000,Mid,10,100,100630,0
Female,Asian,27,10015,Mid,15,70,86659,0
Female,Black,43,10024,Top,11,80,75628,1
Male,Black,22,10026,Low,12,72,80078,0
Female,Black,25,10023,Low,10,42,70029,0
Male,White,64,10001,Low,10,63,54091,1
Female,White,50,9998,Low,0,70,102009,0
Male,Hispanic,42,10031,Mid,7,78,67051,0
Male,White,47,9999,Top,10,72,54081,0
Male,White,35,9999,Mid,10,81,50440,1
Female,White,30,10002,Top,13,49,54644,1
Male,White,33,10000,Low,3,70,48345,0
Female,Other,63,10043,Low,10,82,78377,1
Male,White,27,9999,Low,3,58,69497,0
Male,White,41,10002,Top,7,83,88520,0
Male,White,45,10002,Top,7,82,96389,0
Female,Other,48,10046,Low,11,52,83215,0
Male,White,59,10004,Top,10,74,85680,1
Female,White,29,9998,Mid,8,68,78750,1
Female,Hispanic,22,10034,Low,0,64,61192,0
Female,Black,45,10024,Mid,9,48,62527,0
Male,White,28,9999,Low,6,66,84687,0
Male,White,40,10003,Top,13,68,53773,1
Female,White,43,10001,Top,12,46,71922,0
Male,White,56,10000,Low,4,54,58143,0
Female,White,51,9998,Low,10,55,96459,0
Male,White,50,10002,Mid,10,57,87341,0
Female,White,43,9999,Low,10,70,115749,0
Female,White,32,10000,Mid,9,77,57845,0
Non-binary,Black,41,10025,Mid,10,66,51990,1
Male,Asian,50,10010,Top,14,79,71150,1
Female,Black,62,10022,Low,5,78,50490,0
Male,White,63,10003,Top,4,68,83752,1
Male,White,55,10000,Mid,11,74,71980,0
Female,Asian,22,10013,Mid,0,64,60229,1
Female,White,52,9998,Mid,10,53,94752,0
Non-binary,White,51,9999,Mid,9,61,36008,0
Female,Black,39,10022,Mid,0,70,75842,0
Male,Black,38,10025,Mid,5,68,53977,0
Male,Black,59,10026,Low,14,78,81335,0
Female,White,35,10002,Mid,2,44,94125,0
Male,White,44,10003,Mid,8,50,27472,1
Male,Asian,46,10012,Mid,3,51,65767,0
Male,White,36,10001,Top,5,71,74163,1
Male,Black,43,10027,Low,15,53,25000,0
Male,Black,24,10028,Low,8,73,69555,0
Male,Black,40,10022,Mid,10,79,54438,0
Male,White,55,10004,Mid,7,88,48885,0
Male,White,56,9998,Low,1,86,59990,0
Non-binary,Black,22,10026,Low,3,61,48533,0
Male,Hispanic,42,10033,Mid,12,49,53582,0
Male,Asian,50,10014,Mid,8,62,73702,0
Female,White,27,9999,Top,4,78,92624,0
Male,White,58,10004,Top,7,65,71443,1
Female,Asian,22,10016,Mid,10,66,92055,0
Female,Hispanic,22,10032,Low,9,60,44080,0
Male,Asian,48,10011,Mid,4,88,73057,1
Male,White,42,9998,Top,1,57,115132,0
Female,Black,37,10027,Top,6,67,33188,1
Female,Black,61,10023,Low,12,80,32424,0
Male,Black,47,10027,Top,11,92,90599,0
Female,White,37,10004,Top,9,58,77410,0
Male,White,49,10003,Top,7,81,60969,0
Non-binary,Black,22,10028,Mid,5,62,42406,0
Male,White,57,9999,Top,7,86,72280,1
Female,White,31,10004,Mid,11,87,75671,0
Female,Asian,64,10012,Top,12,56,72770,1
Female,White,38,10004,Top,6,74,50211,1
Male,Hispanic,44,10032,Low,18,83,58261,0
Male,White,28,9999,Top,8,66,61638,1
Male,Black,28,10022,Low,6,76,77928,0
Male,Other,36,10046,Top,13,77,43391,0
Male,White,55,10001,Mid,0,94,74520,1
Female,White,25,9999,Top,9,43,125684,1
Male,White,35,10002,Top,7,69,50025,1
Male,White,35,10004,Mid,13,54,58054,0
Non-binary,Hispanic,37,10033,Low,10,70,63122,0
Female,Asian,28,10012,Top,8,57,25000,0
Female,White,53,9998,Mid,10,63,44463,1
Non-binary,White,40,10000,Mid,3,59,79213,0
Male,White,23,10001,Mid,11,71,69486,0
Male,Black,31,10023,Low,2,82,86094,0
Female,White,38,10003,Top,9,62,68237,0
Female,Black,58,10023,Low,8,84,58477,0
Male,Black,33,10026,Mid,0,82,50942,0
Female,Black,27,10023,Mid,8,91,58143,0
Male,White,43,9998,Low,9,74,48768,1
Male,Black,53,10025,Low,5,69,62050,0
Male,White,62,10000,Mid,3,50,53574,0
Female,White,41,10001,Mid,9,57,48784,0
Female,Asian,22,10015,Mid,9,64,57210,0
Male,Hispanic,27,10029,Mid,8,68,74023,0
Female,White,40,10003,Mid,8,95,75845,0
Male,White,39,10000,Top,5,67,86352,0
Male,White,27,10003,Low,17,48,54535,0
Female,White,54,10002,Low,6,74,72736,1
Non-binary,White,44,10001,Mid,4,77,107035,0
Female,White,44,10000,Mid,8,61,100950,0
Female,White,47,10000,Top,7,92,47507,1
Female,Hispanic,34,10034,Top,6,44,44831,1
Female,Black,28,10024,Low,15,81,98949,1
Male,Black,36,10028,Mid,3,66,74031,1
Male,White,48,9998,Mid,8,58,69185,1
Male,Asian,47,10016,Mid,3,98,63951,1
Male,Hispanic,54,10031,Low,5,78,69549,0
Female,Hispanic,36,10033,Low,14,63,69799,0
Male,Hispanic,57,10034,Low,9,66,54336,0
Male,Asian,48,10012,Mid,9,73,66735,0
Male,White,26,10001,Low,4,64,61635,1
Female,White,23,10004,Mid,6,82,76374,0
Male,Black,54,10028,Low,15,71,50248,0
Female,Hispanic,37,10030,Top,9,79,39645,1
Male,Hispanic,44,10032,Mid,6,72,94507,1
Male,White,59,10002,Mid,9,80,71608,1
Female,White,37,10004,Low,9,83,106941,0
Female,White,35,10002,Low,4,87,34354,1
Male,Asian,50,10011,Low,6,75,41010,1
Female,Black,47,10024,Low,17,56,74335,1
Female,White,56,9999,Low,9,64,71625,0
Male,White,36,10001,Low,1,69,49846,1
Female,White,24,9999,Mid,10,60,95729,0
Female,Asian,44,10013,Top,13,58,52602,1
Female,Black,50,10028,Low,4,69,88971,0
Female,Hispanic,55,10031,Low,6,55,63591,0
Female,White,54,10001,Top,13,52,51601,0
Female,Black,62,10027,Low,8,46,51625,0
Female,White,62,9999,Top,7,72,100443,0
Female,Black,44,10027,Low,2,71,59045,1
Female,White,28,10004,Mid,12,63,92446,0
Female,White,24,10000,Mid,7,78,101008,1
Female,Black,53,10023,Mid,0,55,63391,0
Male,Asian,52,10012,Low,1,74,65536,1
Female,White,39,10000,Mid,5,67,64900,0
Female,Hispanic,64,10031,Mid,3,58,72041,1
Male,White,28,9999,Mid,4,64,103118,1
Female,White,62,10000,Top,17,60,48459,0
Male,White,22,10002,Top,10,73,77383,0
Male,White,35,10000,Mid,0,77,76517,0
Female,White,53,10002,Low,6,61,36916,0
Male,White,27,9999,Mid,7,61,55250,0
Female,White,60,10004,Mid,2,68,59349,0
Female,Asian,31,10015,Top,10,47,85280,1
Male,White,28,9999,Top,0,70,91779,1
Male,Hispanic,47,10033,Low,12,88,27492,0
Male,White,55,10003,Mid,13,61,85784,0
Female,Black,51,10023,Low,17,64,75198,0
Non-binary,White,57,10000,Top,1,82,84567,1
Female,White,42,9998,Top,2,76,76054,1
Male,White,38,10000,Low,10,70,92008,0
Female,White,54,10000,Mid,12,66,96430,0
Male,White,31,10004,Top,11,55,40322,1
Female,Black,63,10025,Mid,12,72,64025,0
Male,Asian,33,10013,Mid,13,53,64910,0
Female,Hispanic,37,10030,Low,8,42,53545,0
Male,Black,62,10026,Low,7,82,55909,0
Non-binary,White,53,10004,Top,2,74,76735,0
Male,White,36,10003,Mid,6,80,47067,1
Female,White,48,10001,Low,7,58,86412,1
Female,White,49,10000,Top,4,72,65617,0
Male,White,38,10004,Mid,7,64,90492,0
Female,White,23,9998,Low,3,63,60601,0
Female,White,57,10002,Top,12,78,59517,0
Male,White,28,9999,Mid,9,68,54090,1
Male,Hispanic,34,10030,Low,6,61,52712,0
Female,Hispanic,36,10034,Low,8,50,48971,1
Male,White,46,10000,Mid,3,74,81694,0
Female,Asian,44,10015,Top,3,79,90942,0
Male,Asian,43,10014,Mid,5,60,77757,1
Female,White,47,10001,Mid,7,75,71451,0
Male,White,54,10001,Mid,8,58,82737,0
Female,White,32,10001,Top,8,75,72271,1
Non-binary,Asian,31,10011,Mid,2,70,70571,0
Non-binary,Asian,46,10016,Low,7,73,63867,0
Female,White,58,10002,Mid,4,58,89731,0
Male,White,64,10002,Mid,0,74,25000,0
Female,Black,59,10025,Low,20,59,25000,0
Male,White,62,10001,Low,4,65,93544,0
Male,White,45,10003,Low,5,51,69069,0
Male,Hispanic,61,10028,Mid,2,60,83344,0
Male,Black,54,10022,Mid,3,63,52838,0
Female,Hispanic,38,10030,Mid,7,70,98484,0
Female,Hispanic,45,10030,Low,13,74,62269,0
Male,Hispanic,58,10032,Mid,7,62,73987,0
Male,White,23,10002,Low,6,68,64057,0
Non-binary,Black,53,10023,Top,12,90,47057,1
Male,White,45,9999,Mid,5,71,38181,1
Male,Black,30,10022,Low,8,63,80714,1
Male,White,25,10000,Top,4,49,80908,0
Female,Black,38,10022,Low,14,56,66873,0
Female,White,38,9998,Low,12,56,50227,0
Male,White,51,10000,Mid,7,93,101309,0
Male,White,61,10004,Mid,6,59,75117,0
Female,White,32,9999,Top,7,67,87057,1
Female,Black,42,10027,Low,7,71,64940,0
Male,Hispanic,42,10033,Mid,1,83,43211,1
Non-binary,White,39,10003,Mid,12,70,92848,0
Male,White,50,10000,Low,7,63,82015,0
Male,White,45,10001,Top,15,63,69371,1
Female,White,31,10001,Low,9,71,81673,1
Male,White,38,10001,Top,0,61,89350,1
Female,Asian,39,10014,Low,2,53,83204,0
Male,White,63,9999,Top,0,63,38773,1
Male,White,41,9999,Mid,2,54,43195,0
Non-binary,White,58,10004,Top,1,92,87656,1
Male,White,39,10004,Low,9,77,59077,0
Female,White,38,10002,Mid,6,86,52027,1
Male,Black,30,10022,Mid,10,75,72442,1
Male,White,35,10004,Mid,7,88,51421,1
Male,White,50,10003,Mid,7,74,63417,0
Female,White,52,10001,Mid,16,75,90045,0
Male,White,25,10003,Low,8,44,42717,1
Female,White,39,10001,Mid,7,56,45634,1
Male,Asian,41,10015,Top,4,70,37780,1
Non-binary,Black,64,10022,Top,3,70,47776,0
Male,Black,30,10027,Low,11,69,66654,0
Female,White,34,10003,Mid,10,72,60624,0
Female,White,36,10000,Mid,14,72,103066,0
Female,White,48,10003,Top,9,77,82106,0
Female,Black,36,10024,Mid,6,75,64623,0
Female,Black,49,10023,Low,10,81,90348,0
Female,White,58,10002,Top,7,81,46383,0
Male,White,40,10003,Mid,11,72,90331,1
Male,White,47,9999,Low,13,94,68274,0
Female,Asian,47,10016,Mid,7,83,60893,0
Female,Black,46,10028,Mid,15,57,77221,1
Female,White,47,10000,Mid,12,71,64749,0
Male,White,47,10003,Low,8,47,76638,1
Male,Black,49,10027,Top,10,49,63001,1
Male,White,39,9998,Mid,9,64,79129,1
Female,White,53,9999,Top,8,56,62858,1
Male,White,24,10001,Mid,15,64,91535,0
Male,Black,23,10025,Mid,10,73,25000,0
Male,White,54,9998,Mid,4,84,85817,0
Male,White,63,10000,Top,3,84,35175,0
Female,Asian,40,10013,Mid,4,71,54931,0
Male,White,38,10001,Mid,9,56,83447,0
Female,White,54,10004,Mid,6,60,32726,0
Male,White,33,10004,Mid,9,77,76329,0
Male,White,24,10002,Mid,11,60,45573,0
Male,Hispanic,64,10029,Low,16,54,45618,1
Male,White,47,10000,Mid,6,75,52698,0
Male,White,56,10003,Mid,2,69,46133,0
Male,Black,29,10023,Low,15,67,30407,0
Female,Black,57,10024,Mid,2,80,106423,0
Male,Black,28,10025,Top,2,83,61350,1
Female,White,57,10002,Mid,15,88,48251,1
Female,White,37,9999,Mid,12,59,61757,0
Female,Black,45,10025,Low,9,72,65733,0
Male,White,22,10000,Low,7,70,65426,1
Male,Hispanic,46,10029,Mid,7,74,39663,1
Male,Hispanic,31,10033,Low,5,56,47015,0
Male,Hispanic,37,10029,Low,6,53,88714,0
Non-binary,White,37,10001,Top,7,69,44945,1
Male,White,29,9999,Low,2,59,33060,1
Male,Hispanic,50,10033,Low,4,81,57240,1
Female,White,60,10002,Mid,0,48,34365,0
Female,White,49,10002,Top,8,49,54804,0
Female,Hispanic,27,10031,Mid,8,62,39961,1
Male,Asian,37,10012,Top,15,51,45136,1
Male,White,41,10001,Low,9,90,74390,0
Male,White,37,10002,Top,5,67,78141,0
Male,White,28,9998,Low,7,62,56881,1
Male,Hispanic,62,10028,Low,9,75,63112,0
Male,Asian,35,10011,Mid,8,80,52885,0
Male,White,64,10003,Mid,10,72,81016,0
Male,White,47,10004,Mid,9,69,43446,0
Male,Asian,47,10016,Mid,6,58,73304,0
Female,White,35,10004,Low,5,74,77821,0
Female,White,28,9999,Mid,5,84,119719,0
Female,Asian,54,10010,Mid,4,64,34911,0
Male,White,47,10002,Mid,3,59,126115,0
Male,Black,41,10023,Mid,15,72,80133,0
Male,White,24,10004,Mid,8,70,109546,0
Female,White,25,10004,Low,7,52,91105,0
Female,Hispanic,47,10031,Top,6,60,46129,1
Male,White,32,10004,Top,9,91,86156,1
Female,Other,23,10046,Mid,12,50,51686,0
Male,Black,35,10028,Low,10,61,63237,1
Male,White,51,10001,Top,11,58,49506,0
Female,White,33,10004,Mid,5,56,59426,1
Female,White,47,10003,Top,7,61,90939,0
Female,White,54,10002,Top,5,72,81759,0
Female,White,34,9999,Mid,8,82,93484,1
Male,White,35,10003,Top,13,72,45043,1
Female,White,45,10001,Low,9,58,35591,0
Male,Black,55,10023,Top,14,88,87034,1
Female,Black,47,10023,Mid,6,42,85553,0
Male,Black,42,10025,Mid,4,78,69230,0
Female,White,49,9998,Mid,10,54,81384,0
Male,White,57,10004,Low,8,69,90300,0
Female,Black,61,10027,Low,9,73,68630,1
Male,White,23,10001,Top,8,50,83733,0
Female,White,63,10002,Mid,6,68,89296,1
Male,Hispanic,30,10030,Low,8,72,63129,0
Male,Hispanic,44,10031,Mid,11,87,58088,0
Male,White,36,10004,Top,12,100,80641,1
Male,White,34,10004,Low,6,51,118292,0
Female,Hispanic,44,10029,Low,8,84,48046,0
Male,Black,38,10023,Low,13,69,56385,0
Non-binary,Hispanic,23,10031,Low,6,60,29871,0
Male,Hispanic,41,10030,Low,5,74,73696,1
Male,Hispanic,41,10031,Mid,11,54,54401,0
Female,White,24,10000,Top,10,52,44993,1
Female,White,33,10000,Top,4,46,71728,0
Male,Black,61,10028,Low,2,76,94892,0
Female,Black,23,10028,Low,8,70,57959,0
Female,Hispanic,57,10034,Low,6,57,59789,0
Male,White,35,10002,Low,1,88,102114,1
Non-binary,White,37,10004,Low,5,62,72899,0
Non-binary,Asian,40,10015,Low,10,85,45847,1
Female,Hispanic,55,10029,Mid,7,68,78779,1
Male,Asian,27,10011,Mid,14,61,92491,0
Female,Hispanic,34,10030,Low,0,65,60992,1
Male,Black,57,10023,Mid,13,54,67609,0
Male,Black,43,10022,Low,6,72,38776,0
Male,Asian,39,10012,Low,6,70,52588,0
Male,Black,33,10023,Mid,1,76,58339,1
Female,Black,51,10022,Top,9,77,66538,0
Female,White,61,10002,Mid,0,68,60605,0
Female,White,28,9999,Mid,11,49,65584,0
Male,Black,53,10022,Low,1,81,62523,0
Male,White,40,10001,Top,2,70,53039,0
Male,White,27,10003,Top,3,47,67623,1
Non-binary,White,41,10001,Top,5,73,96118,0
Male,White,48,9998,Top,11,74,61079,0
Female,White,64,10000,Top,14,62,54981,0
Female,White,58,10004,Low,5,64,114702,0
Male,Asian,28,10016,Top,7,62,74512,0
Female,White,26,10004,Mid,9,71,57543,0
Male,White,32,10000,Top,6,71,85870,0
Female,White,36,9999,Top,9,56,78122,0
Female,Black,24,10028,Low,7,86,53596,1
Male,White,26,10001,Mid,6,62,72020,0
Male,Hispanic,44,10030,Low,2,37,59171,0
Female,Black,58,10024,Mid,8,61,84801,0
Female,Hispanic,30,10034,Mid,11,79,78626,0
Male,White,36,10001,Mid,4,67,30141,1
Female,Black,24,10026,Mid,0,47,103058,0
Female,White,50,10000,Low,6,54,67233,0
Female,Asian,27,10016,Top,14,54,104447,0
Male,Black,38,10027,Low,12,63,79321,0
Female,White,47,9998,Top,5,63,77964,0
Female,White,42,9999,Mid,9,72,71116,0
Male,White,29,10000,Low,10,71,128175,0
Male,Black,42,10027,Low,13,72,59567,0
Non-binary,White,32,10003,Mid,1,91,59573,0
Male,Black,59,10024,Low,3,80,53373,0
Female,White,29,10002,Mid,0,76,73021,0
Male,Black,63,10022,Mid,5,48,64986,0
Male,Hispanic,45,10029,Mid,12,60,85080,1
Female,Hispanic,56,10030,Low,5,47,80164,0
Male,Hispanic,35,10029,Low,2,60,80189,0
Male,White,35,10001,Top,8,79,68435,1
Male,White,31,10003,Top,9,65,86530,1
Female,Black,33,10027,Low,3,79,80625,0
Male,White,59,10000,Top,5,78,71413,0
Male,White,55,10000,Mid,8,70,78584,1
Non-binary,White,62,10001,Top,10,83,88600,0
Male,White,31,10002,Low,5,86,77223,0
Female,White,38,10000,Top,4,72,79131,1
Male,Asian,38,10015,Mid,15,72,98141,1
Female,White,24,9999,Top,6,74,77380,0
Male,Black,52,10022,Low,8,53,52845,0
Non-binary,White,22,10004,Low,10,68,46086,0
Male,Black,33,10023,Mid,0,69,67263,0
Male,White,60,10002,Mid,7,65,66370,1
Male,Asian,25,10010,Top,1,60,86166,1
Male,Asian,63,10011,Top,7,81,101553,0
Male,White,34,9999,Low,13,72,52405,0
Male,Asian,55,10013,Top,4,73,52283,1
Female,Other,63,10047,Low,1,84,64516,1
Male,Hispanic,42,10032,Mid,15,67,49001,0
Male,Hispanic,43,10033,Mid,3,65,60559,1
Female,White,25,10001,Top,2,83,62276,1
Female,Black,39,10022,Low,14,49,44844,0
Male,White,26,10004,Mid,3,70,89517,1
Male,White,40,10003,Mid,14,61,74505,0
Male,Other,23,10044,Mid,9,73,101607,1
Female,White,33,10004,Top,13,73,80180,1
Female,Hispanic,38,10032,Low,8,74,90770,0
Male,Hispanic,31,10030,Low,12,82,50424,1
Female,Hispanic,55,10030,Top,4,63,50175,1
Female,Other,27,10041,Low,5,64,109417,0
Female,White,29,10000,Mid,0,73,60821,1
Female,White,32,10001,Low,11,77,54017,1
Male,White,33,9998,Low,9,54,49575,0
Male,White,30,10003,Low,3,73,111315,0
Male,White,23,10002,Low,1,65,67506,0
Male,White,29,9998,Top,9,71,81067,1
Male,Hispanic,32,10033,Low,14,65,68027,0
Female,Black,57,10022,Low,7,58,50531,0
Male,White,31,9999,Top,5,57,67073,0
Male,Black,42,10023,Low,4,68,81913,1
Male,White,41,9998,Low,12,74,48482,0
Female,White,29,10004,Low,4,59,86483,1
Male,Hispanic,57,10030,Mid,6,84,93680,1
Male,Black,50,10023,Low,12,99,70847,0
Male,Hispanic,63,10034,Low,10,74,91668,1
Male,White,33,10004,Top,6,69,45571,0
Non-binary,Hispanic,35,10032,Low,5,59,28399,1
Non-binary,Black,42,10027,Low,13,74,69852,0
Male,Black,43,10025,Mid,3,87,53273,0
Non-binary,Black,42,10023,Mid,7,93,82575,0
Female,Hispanic,51,10028,Low,1,83,58791,1
Female,Black,60,10024,Low,12,77,67943,0
Male,Black,41,10025,Low,6,74,66619,0
Male,Other,45,10046,Low,5,57,67257,0
Male,Hispanic,44,10034,Mid,10,68,54147,0
Female,White,28,10003,Top,2,64,45707,0
Male,Black,30,10023,Low,10,68,60616,0
Male,White,22,10003,Top,6,61,102000,1
Male,White,47,10003,Low,3,79,60823,0
Female,Black,59,10024,Mid,4,63,52713,0
Male,Asian,59,10016,Top,5,65,73152,1
Female,Asian,43,10012,Top,6,58,46457,0
Non-binary,White,31,10000,Low,3,72,93069,0
Male,White,27,9998,Top,9,87,51365,1
Female,White,38,10003,Top,3,66,67214,1
Male,Other,59,10046,Mid,0,73,115778,1
Female,Other,45,10046,Low,15,90,42148,0
Male,Black,31,10026,Mid,8,84,94447,0
Female,Hispanic,29,10030,Mid,16,74,67424,0
Female,Black,42,10025,Mid,3,73,70246,0
Female,Black,27,10023,Low,9,59,48812,0
Female,White,42,10004,Top,11,58,88975,1
Male,White,60,10001,Top,7,71,65681,1
Female,Black,45,10028,Mid,2,69,42044,1
Female,Black,54,10022,Low,6,56,94113,1
Female,White,39,9998,Mid,10,75,65283,0
Male,Asian,49,10016,Mid,10,66,32812,0
Female,White,53,10003,Low,7,80,67625,0
Female,White,33,10001,Low,11,66,89161,0
Female,Black,63,10027,Mid,11,65,77967,0
Male,Black,48,10026,Low,5,58,52182,0
Female,Black,31,10022,Low,1,57,45450,0
Male,White,63,9998,Low,8,85,45676,1
Female,White,53,10001,Mid,5,70,72544,0
Male,Black,63,10022,Low,8,74,68019,1
Female,Black,47,10026,Mid,13,86,79179,0
Non-binary,White,46,10002,Low,9,54,70019,0
Male,Black,32,10026,Mid,13,78,61426,1
Non-binary,White,44,9999,Top,3,50,67430,1
Male,Black,55,10026,Mid,12,64,68054,0
Female,Hispanic,61,10032,Mid,14,53,62326,0
Female,White,44,9999,Mid,8,77,91781,1
Female,White,50,10003,Top,17,44,79216,1
Female,Hispanic,52,10030,Mid,4,64,67160,0
Female,Black,28,10022,Low,5,53,64165,0
Male,Black,61,10026,Mid,10,59,46163,0
Male,Hispanic,54,10028,Low,8,61,64986,0
Female,Hispanic,42,10031,Mid,5,82,52069,0
Female,Asian,23,10010,Top,10,62,76931,1
Female,White,39,10004,Low,9,87,68822,0
Female,White,54,10003,Low,5,90,106286,0
Male,White,58,9999,Mid,8,95,47760,1
Female,White,55,9998,Low,11,66,25000,1
Male,Black,41,10022,Low,5,72,70353,1
Male,White,56,9998,Low,10,74,60135,0
Male,Asian,39,10012,Top,4,65,73221,1
Male,Black,45,10024,Mid,5,75,40287,1
Male,Black,29,10025,Low,12,58,103179,0
Male,White,51,9999,Mid,10,47,65269,0
Female,White,31,9998,Top,0,75,58841,0
Male,White,44,9998,Low,6,65,110809,0
Male,White,32,9998,Top,9,58,89806,1
Male,White,23,9998,Mid,8,59,100790,1
Male,Black,47,10024,Mid,10,88,61556,0
Male,Asian,57,10015,Mid,8,75,70938,1
Male,Asian,54,10015,Top,7,51,58065,0
Female,Black,34,10025,Low,7,52,50730,0
Female,White,61,10004,Mid,12,63,80964,0
Female,Hispanic,46,10032,Low,10,72,57630,0
Male,Asian,25,10011,Low,9,60,114416,0
Male,White,63,10003,Mid,8,67,89850,0
Female,Hispanic,40,10034,Low,5,68,102665,0
Male,White,39,9998,Top,6,71,28426,0
Male,Hispanic,58,10033,Mid,12,41,102908,0
Male,Other,51,10044,Top,11,72,25000,0
Male,White,40,10002,Top,5,49,47781,1
Male,Asian,44,10015,Mid,8,66,34947,1
Male,Black,37,10025,Top,9,63,69860,0
Female,Other,22,10043,Mid,9,54,64636,0
Male,White,33,10002,Mid,9,80,88898,0
Female,Hispanic,45,10031,Low,3,53,63230,0
Female,White,55,10004,Mid,3,60,97502,0
Female,White,29,10003,Low,12,77,54346,0
Female,White,39,10000,Top,14,60,97963,0
Non-binary,Other,26,10047,Mid,2,60,64385,0
Male,Hispanic,47,10031,Low,7,66,112117,0
Male,Hispanic,51,10031,Low,11,76,82438,0
Male,Asian,34,10016,Top,0,87,63926,1
Female,White,40,10003,Low,3,55,72318,0
Female,White,50,10002,Mid,7,56,52817,0
Male,White,24,10000,Mid,5,66,80187,0
Female,White,47,9998,Top,8,69,66916,1
Male,White,61,9999,Mid,13,60,87483,0
Female,White,33,10002,Mid,4,75,46240,0
Male,White,23,10000,Top,8,58,66406,0
Male,White,32,10004,Top,6,47,49809,0
Male,White,49,10001,Low,8,76,51053,0
Male,White,39,10004,Mid,8,77,85121,0
Male,Other,34,10043,Mid,18,82,87490,0
Male,Hispanic,58,10034,Low,13,46,25000,0
Female,Asian,43,10016,Top,1,59,107237,1
Male,White,33,9999,Low,4,66,101081,0
Male,White,23,10003,Top,4,91,46066,1
Female,Hispanic,58,10029,Low,3,65,81536,1
Female,White,28,9998,Mid,2,50,63796,0
Male,White,47,9998,Low,7,73,71037,0
Male,White,47,9999,Top,5,85,85041,1
Male,White,45,10002,Mid,4,83,82599,0
Male,White,33,10002,Mid,16,76,61540,0
Female,White,37,10004,Mid,5,70,61455,1
Male,Black,44,10028,Low,6,42,54635,0
Male,White,61,10001,Mid,10,70,95856,1
Female,White,30,9998,Low,6,69,35763,0
Male,Hispanic,53,10031,Mid,3,68,61761,0
Female,White,36,9998,Top,6,75,104450,1
Male,White,58,9999,Low,16,67,87074,0
Non-binary,Hispanic,34,10032,Mid,6,65,86019,0
Male,White,26,10004,Low,4,82,70038,0
Female,White,32,10002,Mid,9,62,49728,0
Female,White,31,9999,Mid,6,67,74113,0
Male,White,34,10001,Top,18,80,59221,1
Female,Black,62,10025,Mid,4,54,109613,0
Non-binary,Hispanic,36,10030,Low,14,56,61836,0
Female,White,63,10004,Low,12,83,85749,0
Female,Black,28,10028,Low,6,59,99047,0
Female,White,61,10004,Top,7,75,51065,0
Male,White,49,9998,Top,3,48,27405,1
Male,Black,53,10025,Top,5,39,74800,1
Female,White,56,9999,Low,6,71,86566,1
Male,White,36,10001,Top,8,68,64718,0
Female,White,57,10002,Top,2,71,49874,0
Female,White,42,9998,Top,9,89,79196,1
Male,White,27,10004,Top,7,55,72525,0
Male,Hispanic,22,10033,Low,9,70,71444,1
Female,White,25,10000,Mid,10,84,50340,0
Male,White,32,9998,Top,7,56,79495,1
Female,White,47,10002,Top,9,59,89390,0
Male,Black,58,10028,Mid,7,48,34882,0
Female,Black,44,10026,Top,10,93,94208,0
Male,Black,50,10026,Mid,9,43,70089,1
Female,Hispanic,42,10034,Low,8,76,82018,1
Male,Hispanic,48,10032,Mid,7,54,39421,0
Female,White,60,9999,Top,13,54,86651,0
Male,White,61,10000,Mid,9,82,40107,0
Female,Hispanic,34,10033,Low,2,58,46035,0
Female,Other,44,10045,Mid,6,74,70267,0
Male,Asian,37,10014,Mid,7,86,64480,1
Male,White,51,10001,Mid,7,72,73549,1
Male,White,25,10000,Mid,8,80,111547,1
Female,White,61,9998,Top,4,67,73236,0
Female,Hispanic,37,10030,Low,7,68,79194,0
Male,White,52,10000,Top,6,62,71664,0
Male,White,63,10004,Mid,12,93,71072,1
Male,Hispanic,46,10034,Low,4,78,45434,0
Female,White,33,10004,Mid,7,73,80362,0
Male,Hispanic,47,10033,Low,5,79,115709,0
Non-binary,White,58,10000,Mid,15,61,74757,1
Male,White,54,10003,Low,13,81,67659,0
Female,White,49,10002,Low,1,85,95802,1
Male,Hispanic,30,10034,Low,4,53,85456,0
Male,White,33,10002,Low,11,76,81781,0
Female,White,26,10004,Low,9,67,66832,0
Female,Asian,49,10011,Mid,9,60,92888,0
Non-binary,White,56,10003,Mid,8,56,75418,0
Male,Black,26,10027,Mid,11,82,83275,0
Male,Black,55,10022,Low,11,72,48614,1
Female,White,55,10001,Low,6,64,61265,0
Female,Black,34,10024,Low,3,73,66937,0
Male,White,60,9998,Low,1,68,48295,1
Male,Black,63,10027,Low,7,61,57601,0
Male,White,35,9998,Top,0,71,47409,1
Female,Black,32,10023,Mid,9,66,34104,1
Male,White,63,10001,Top,6,48,121719,0
Male,Black,59,10027,Mid,15,62,52820,0
Male,White,25,10003,Mid,9,54,62579,0
Male,White,54,10000,Low,7,50,74604,0
Male,White,28,10004,Low,1,75,51765,0
Male,White,62,10001,Mid,2,61,62966,1
Male,Hispanic,29,10029,Top,10,82,101688,1
Female,White,58,10002,Top,6,45,80161,0
Male,Asian,31,10010,Mid,18,66,89721,0
Male,Asian,64,10012,Top,7,62,101471,0
Female,Black,36,10027,Mid,8,48,69212,0
Female,White,59,10002,Mid,2,67,68575,1
Male,White,36,9999,Top,11,52,44322,0
Male,Hispanic,26,10031,Low,4,72,57342,0
Male,White,50,9998,Top,10,78,69750,0
Female,White,40,10000,Top,11,70,56854,1
Non-binary,Black,31,10027,Top,8,74,95904,0
Female,Hispanic,33,10033,Mid,15,79,87045,1
Female,Hispanic,25,10032,Low,5,66,84710,0
Female,White,52,10002,Mid,14,57,70675,1
Male,Black,39,10022,Low,2,62,44339,0
Male,White,37,10001,Mid,11,62,99560,0
Female,White,61,9999,Mid,7,54,79707,0
Non-binary,Asian,57,10016,Mid,5,79,85461,0
Male,White,46,10001,Top,1,76,85384,1
Female,White,44,10001,Mid,6,47,79212,0
Male,White,33,10001,Low,6,60,112992,0
Male,Asian,55,10016,Mid,8,56,56852,0
Male,Hispanic,57,10028,Low,10,73,58821,0
Male,Black,58,10028,Mid,4,82,97823,0
Female,Hispanic,24,10028,Mid,15,72,66641,0
Male,White,30,10004,Low,5,61,70481,0
Female,White,39,9999,Top,10,63,67939,0
Female,White,64,10001,Top,8,50,86586,1
Female,White,56,9998,Top,7,51,68414,1
Male,White,55,10004,Top,8,80,66168,1
Male,Asian,62,10011,Top,4,87,83256,1
Male,White,35,10004,Mid,6,61,74865,0
Non-binary,White,25,10003,Mid,2,70,52811,1
Female,White,50,9999,Low,5,75,73640,1
Male,White,62,10001,Top,6,50,100890,0
Female,Asian,36,10012,Top,11,54,85306,0
Male,White,49,10001,Mid,6,93,103359,0
Female,White,63,10000,Mid,6,55,58374,0
Male,Hispanic,37,10029,Low,8,65,86404,1
Female,White,33,10003,Low,8,59,60029,0
Male,White,26,10003,Top,5,46,48352,1
Female,White,55,9998,Low,9,67,56938,0
Female,Black,63,10027,Low,7,66,67628,0
Female,Other,22,10045,Top,5,69,85559,1
Male,Hispanic,60,10029,Low,6,68,71208,1
Male,White,53,9998,Mid,11,64,69934,0
Male,Hispanic,47,10033,Mid,6,63,44355,1
Male,White,38,9999,Top,9,63,87106,0
Male,White,48,10001,Top,2,58,92272,0
Female,White,45,10003,Mid,12,56,78965,0
Female,White,56,10004,Top,5,55,51953,0
Male,White,63,10000,Top,9,76,89174,1
Male,Black,60,10023,Top,6,73,89544,0
Male,Asian,47,10010,Mid,9,70,100660,0
Female,White,59,10001,Low,9,90,64246,0
Male,White,44,10002,Low,7,58,81726,0
Female,White,43,10001,Top,0,80,62309,0
Male,White,25,10003,Low,12,66,54552,0
Non-binary,Black,30,10024,Low,7,71,96664,1
Female,White,25,10001,Low,9,75,84291,0
Male,Hispanic,28,10032,Low,10,64,90854,0
Female,White,44,10004,Mid,6,54,48503,0
Male,White,23,9998,Low,10,59,78768,0
Female,White,45,9999,Top,5,41,83165,1
Male,White,61,10000,Mid,9,77,56356,1
Female,White,52,10002,Low,8,73,102756,0
Female,Black,52,10027,Low,6,86,60089,0
Female,White,61,10003,Low,8,71,82072,0
Female,Black,64,10027,Low,3,74,53994,1
Male,White,55,10000,Top,9,69,49111,1
Male,White,45,10001,Top,9,75,91261,0
Male,White,47,10000,Mid,9,83,80581,1
Male,Hispanic,37,10033,Low,14,72,69745,0
Female,White,34,10004,Top,7,60,67436,0
Male,Hispanic,36,10032,Mid,7,67,72036,1
Non-binary,White,48,9999,Mid,3,79,98324,1
Female,Hispanic,25,10029,Low,14,61,51323,0
Female,White,37,10000,Low,2,77,84205,0
Male,Black,51,10027,Low,8,92,69049,1
Female,Black,51,10022,Low,5,77,61311,0
Female,Asian,57,10016,Mid,8,75,37088,1
Male,White,24,10000,Low,2,74,72760,0
Female,White,43,10003,Mid,11,57,86453,1
Female,White,43,10001,Low,4,56,79479,0
Male,Hispanic,33,10029,Low,12,59,36226,1
Male,White,42,9999,Low,4,76,97941,0
Male,Hispanic,25,10034,Mid,11,65,97958,0
Male,White,52,9999,Top,4,69,70810,0
Male,White,52,9998,Top,5,75,119221,1
Male,White,44,10003,Top,7,59,56408,1
Male,Asian,41,10015,Top,4,63,44558,0
Male,Black,36,10028,Mid,4,73,44703,0
Non-binary,Asian,44,10015,Top,4,66,74902,0
Male,White,49,10004,Mid,9,67,37433,0
Non-binary,Black,37,10027,Low,7,57,58781,1
Male,Black,58,10022,Mid,8,67,123691,0
Male,White,42,10002,Mid,6,89,42923,1
Male,Hispanic,36,10030,Low,10,64,54057,1
Male,Asian,38,10012,Mid,12,56,49278,0
Male,Asian,58,10015,Low,10,81,64303,0
Female,Hispanic,34,10031,Mid,7,73,58036,0
Male,White,40,9999,Top,3,72,59608,0
Female,White,51,9998,Mid,0,51,69873,0
Female,Asian,39,10013,Top,7,52,82664,1
Male,White,35,10001,Mid,0,51,100706,0
Male,Black,57,10027,Mid,7,75,59311,0
Female,Black,57,10022,Mid,13,79,65115,0
Male,Black,41,10024,Mid,3,75,74265,0
Male,Other,40,10042,Mid,2,93,40284,0
Non-binary,White,28,10000,Mid,10,64,69946,0
Male,White,25,10001,Mid,0,66,62889,1
Female,White,55,9999,Top,9,68,92038,0
Non-binary,White,23,10002,Top,13,67,108036,1
Male,White,26,10001,Top,4,75,57458,1
Male,White,31,10000,Top,3,62,98599,1
Male,Hispanic,53,10030,Low,10,53,35832,0
Male,Asian,63,10015,Top,3,48,74013,1
Male,White,62,10000,Mid,11,75,78199,1
Female,White,34,9998,Low,3,60,43321,0
Male,Asian,60,10013,Top,15,55,53431,1
Male,White,26,10004,Mid,10,62,54485,1
Non-binary,White,31,10004,Low,8,93,46772,1
Female,White,31,9999,Low,14,53,25000,0
Female,Black,59,10024,Low,12,75,60855,1
Male,White,48,10003,Low,9,75,71264,0
Female,Asian,42,10015,Mid,0,83,68107,1
Male,White,29,10000,Top,5,68,88314,1
Male,White,22,9998,Low,12,51,34243,0
Male,White,49,10003,Mid,2,81,65378,1
Female,White,60,10004,Mid,4,64,124199,0
Male,Black,35,10023,Low,3,85,82735,1
Male,Hispanic,42,10031,Low,9,79,82849,0
Male,Hispanic,51,10032,Mid,11,81,44668,0
Male,Black,42,10022,Top,11,98,61081,1
Female,Asian,30,10015,Mid,4,70,25000,1
Female,Hispanic,38,10031,Low,9,84,76709,1
Female,Hispanic,26,10032,Low,4,62,93005,0
Male,White,52,10000,Low,7,76,44004,1
Male,White,61,10000,Low,10,63,49822,0
Male,White,59,9999,Mid,12,75,72359,1
Male,Black,64,10026,Top,0,74,68065,1
Male,White,40,10000,Mid,8,45,62165,1
Female,White,57,10000,Mid,13,59,56692,0
Male,Asian,54,10016,Mid,8,72,53906,1
Male,Asian,34,10015,Mid,8,42,69019,0
Male,Asian,35,10011,Mid,5,68,81722,0
Male,White,54,10001,Top,13,82,72013,1
Male,Black,50,10024,Mid,5,85,62102,0
Non-binary,White,64,10004,Mid,7,60,37814,0
Female,White,57,9998,Top,6,83,90341,0
Non-binary,White,31,9998,Top,8,84,71972,0
Male,White,52,10001,Top,13,44,64267,1
Male,White,27,10002,Mid,4,71,78102,1
Male,Hispanic,22,10029,Top,8,72,48123,0
Male,White,28,10004,Low,9,88,64682,0
Female,Hispanic,48,10033,Low,4,70,67151,0
Male,White,42,10004,Mid,7,86,59428,1
Male,White,49,9998,Mid,15,60,40086,0
Male,White,37,9998,Top,0,50,36830,0
Male,White,44,10001,Mid,6,62,81914,1
Female,Black,41,10026,Low,9,85,64377,0
Male,White,59,10002,Low,6,81,71670,0
Male,White,46,10001,Low,19,97,49763,1
Male,White,49,10004,Mid,10,52,72589,0
Male,White,26,9998,Top,3,82,64990,1
Female,Asian,42,10016,Top,0,76,57998,0
Female,White,39,10004,Mid,9,63,71498,0
Non-binary,Hispanic,27,10029,Mid,4,79,70928,0
Female,Black,50,10022,Mid,13,68,99998,1
Male,Asian,40,10014,Mid,6,75,81305,1
Female,Hispanic,54,10033,Mid,5,75,82151,0
Male,Black,22,10028,Mid,5,81,87093,0
Male,Black,24,10022,Low,11,71,49719,0
Female,Asian,63,10016,Mid,9,88,63582,0
Male,White,42,9999,Mid,15,67,54901,1
Female,White,56,10000,Low,7,89,59363,1
Male,White,62,9998,Low,11,56,64435,0
Female,Hispanic,61,10031,Low,11,55,50886,0
Female,Hispanic,24,10030,Top,10,55,69482,0
Female,White,46,10004,Top,5,78,81656,0
Female,Black,59,10025,Low,9,57,38877,0
Female,White,41,10001,Top,7,84,66758,0
Male,White,55,10001,Low,7,63,66977,0
Male,Other,42,10041,Low,4,74,35551,0
Male,White,44,10002,Low,0,77,57677,0
Female,White,27,10004,Low,12,54,90469,0
Male,Black,34,10024,Low,9,53,82211,0
Female,Hispanic,44,10029,Mid,2,70,32416,0
Male,White,30,10002,Top,10,66,82442,0
Male,Black,38,10028,Low,13,75,35594,1
Female,White,23,9998,Mid,11,50,64970,0
Male,White,40,10001,Mid,4,65,71053,0
Male,White,40,9999,Mid,5,67,88055,0
Male,Black,28,10028,Low,5,40,61508,0
Non-binary,White,63,10000,Mid,11,81,52722,1
Female,Asian,63,10016,Mid,9,57,46321,0
Male,Hispanic,41,10032,Mid,19,87,68359,1
Male,Other,30,10046,Low,1,61,52324,0
Male,White,38,10002,Top,7,63,64826,0
Female,Asian,48,10016,Low,0,52,89409,0
Female,White,23,9999,Top,10,80,81697,1
Male,White,57,10004,Mid,12,75,104737,1
Male,White,40,10004,Top,13,86,52636,0
Male,White,38,9998,Top,8,67,58816,0
Female,Black,26,10024,Low,0,66,68673,0
Female,White,60,9999,Mid,7,46,109375,0
Male,White,39,10004,Top,9,62,57102,1
Male,Black,28,10025,Mid,3,72,65768,1
Male,White,38,10000,Mid,6,74,99424,0
Non-binary,Black,60,10026,Low,2,91,65998,0
Male,White,57,9999,Top,5,47,93400,1
Female,Hispanic,61,10032,Low,11,69,104149,0
Female,Hispanic,25,10034,Top,10,62,70902,0
Male,White,59,10002,Mid,2,70,82169,0
Male,White,46,10002,Top,5,71,87858,1
Male,White,26,9998,Mid,8,67,54912,1
Female,Hispanic,51,10032,Mid,8,53,35368,0
Female,White,33,10001,Low,5,51,76169,0
Female,White,25,10001,Top,9,63,60497,0
Male,White,45,10000,Top,7,52,94055,0
Male,White,50,10004,Top,0,68,79285,0
Non-binary,White,30,10003,Low,5,66,93716,0
Female,Hispanic,25,10032,Low,5,37,40967,0
Male,White,45,10002,Mid,10,93,93030,0
Non-binary,White,35,9999,Low,10,70,27024,0
Female,Hispanic,26,10028,Low,1,37,42607,0
Female,Hispanic,39,10033,Low,9,69,77644,0
Female,White,63,10000,Top,7,64,62948,0
Female,White,40,10003,Low,8,51,64873,0
Female,White,33,10002,Top,5,70,75144,1
Male,Asian,39,10011,Mid,7,58,98439,1
Male,White,38,10004,Mid,12,72,34564,0
Female,Asian,51,10010,Mid,8,58,94974,0
Male,Black,45,10028,Low,7,59,91149,0
Male,White,32,10000,Mid,6,69,62912,0
Male,White,56,10003,Low,12,50,59102,0
Male,White,44,10000,Top,2,69,70640,1
Female,White,38,10002,Top,4,74,58676,0
Female,White,22,10000,Mid,2,82,79895,1
Male,Black,36,10028,Low,8,83,74500,0
Male,Other,53,10042,Top,12,86,33921,0
Male,Black,30,10024,Top,6,64,46592,1
Female,Black,36,10025,Top,3,54,41297,0
Female,White,49,9999,Top,14,76,77293,1
Male,White,45,10003,Low,9,63,90446,0
Female,White,56,9998,Mid,9,67,51531,0
Female,Black,43,10022,Low,7,75,82305,0
Female,Asian,48,10014,Mid,10,91,51504,0
Female,Black,40,10026,Low,9,73,79372,0
Male,White,33,10001,Top,6,72,67325,0
Female,White,41,10003,Mid,6,53,64165,0
Male,Black,22,10028,Low,3,84,87849,0
Female,White,42,9998,Top,3,71,108753,1
Female,Hispanic,22,10028,Low,6,62,26165,0
Female,Hispanic,31,10028,Mid,12,61,76988,0
Female,Black,53,10028,Top,3,62,68546,1
Male,White,60,9998,Top,11,70,86157,0
Male,White,43,10000,Low,4,52,44229,0
Non-binary,White,39,10003,Top,0,84,51313,0
Female,White,53,9999,Low,10,79,59571,0
Male,White,48,9999,Top,14,67,77261,1
Male,Black,49,10025,Low,4,65,50346,0
Male,Black,39,10024,Low,1,69,58539,0
Female,White,60,9998,Low,9,68,89610,0
Female,White,50,9998,Low,4,63,113976,1
Male,White,39,10002,Top,10,81,88184,0
Male,White,29,10002,Top,12,52,90187,1
Female,Hispanic,52,10031,Low,9,58,61362,0
Female,White,55,9998,Top,11,76,55187,0
Male,White,28,10001,Top,11,73,66480,1
Female,White,57,10000,Low,11,58,71841,0
Male,Asian,39,10011,Mid,8,74,46797,1
Male,Black,59,10022,Low,11,60,81302,0
Female,White,30,10003,Low,8,63,103389,0
Female,White,30,10004,Mid,9,79,75448,1
Female,Hispanic,29,10030,Low,20,78,86681,0
Female,Asian,56,10010,Mid,8,70,94168,0
Female,White,39,10004,Top,2,54,52306,1
Male,Asian,26,10015,Top,7,65,35243,0
Male,Asian,35,10014,Low,6,71,60019,0
Male,Asian,49,10013,Low,6,87,71917,0
Male,Black,51,10026,Low,11,48,41077,0
Female,Black,25,10023,Low,12,56,93444,0
Non-binary,White,60,10002,Low,7,83,111976,0
Male,Hispanic,41,10028,Top,2,86,68583,0
Male,White,46,10003,Top,8,69,53364,0
Female,Black,49,10026,Mid,5,85,74725,0
Male,White,33,9998,Mid,8,61,53301,1
Female,Hispanic,23,10029,Mid,7,48,87861,0
Female,Hispanic,64,10034,Mid,12,76,60371,1
Female,White,35,10003,Top,9,82,87545,1
Male,Hispanic,43,10032,Low,5,85,83037,1
Male,White,52,10001,Low,2,59,83759,0
Female,Hispanic,44,10031,Low,7,69,100705,0
Female,White,41,10003,Top,7,77,76565,1
Male,White,59,10001,Mid,6,73,62936,1
Female,Asian,25,10014,Mid,11,84,27956,1
Male,White,36,10002,Mid,2,65,27320,0
Female,Hispanic,45,10033,Mid,4,66,78040,0
Male,White,46,10002,Mid,8,72,69323,0
Non-binary,White,22,10004,Low,5,79,56692,0
Male,White,28,9998,Top,6,67,50721,0
Male,Black,52,10023,Mid,7,81,79819,1
Male,White,33,10004,Mid,10,89,53329,1
Male,White,63,10004,Mid,7,63,105613,1
Female,White,26,10001,Top,0,65,120019,0
Non-binary,White,63,9998,Top,5,81,54999,0
Male,Other,59,10046,Mid,9,93,78396,1
Male,Asian,33,10013,Low,11,77,78800,1
Female,White,60,9998,Mid,11,57,53247,0
Female,Black,39,10026,Low,12,69,45360,1
Female,White,23,10003,Low,8,78,70548,1
Male,Black,31,10027,Mid,9,60,42232,0
Male,Hispanic,36,10031,Low,3,57,86825,0
Female,Asian,51,10014,Mid,0,62,65077,0
Male,White,38,10001,Top,2,77,50587,0
Female,Hispanic,25,10030,Low,5,50,63220,0
Male,White,28,9998,Low,2,61,82328,1
Female,Other,62,10043,Low,6,70,50511,0
Male,White,52,9998,Top,6,83,33138,0
Female,Black,60,10023,Low,11,70,67527,0
Male,Black,55,10028,Low,4,74,40660,0
Female,Black,27,10027,Mid,8,79,49125,0
Male,White,59,10001,Top,6,89,82382,1
Female,Asian,55,10011,Top,3,84,58242,1
Female,White,36,9999,Low,5,42,70177,1
Female,Black,35,10027,Low,0,68,94061,0
Female,White,27,10003,Mid,10,77,65959,0
Female,White,58,9998,Top,13,87,113426,0
Female,White,53,10000,Top,6,74,87798,1
Male,White,24,10002,Mid,8,59,54372,0
Female,White,24,9998,Mid,6,58,63472,0
Male,White,43,10002,Low,4,61,47747,0
Male,White,43,9999,Mid,10,73,85749,1
Male,Hispanic,31,10032,Low,9,64,91490,0
Male,Asian,24,10012,Top,0,33,62832,0
Female,White,33,9998,Top,3,52,35772,1
Female,White,50,10003,Mid,0,61,80209,0
Female,White,38,10000,Top,14,50,55760,0
Male,White,28,10004,Top,7,55,58786,0
Male,Black,34,10024,Low,8,94,71230,0
Male,Black,23,10028,Mid,6,69,89639,1
Male,White,25,9998,Top,12,65,87790,0
Male,White,31,10003,Top,11,78,81590,1
Male,White,60,10000,Top,7,83,69854,1
Male,Hispanic,45,10034,Low,14,96,38591,0
Female,Other,38,10046,Mid,8,87,71958,1
Female,White,27,10001,Top,2,72,87354,0
Non-binary,White,40,10001,Mid,8,51,61098,0
Female,Hispanic,26,10031,Mid,10,54,57672,0
Female,Asian,53,10014,Top,7,62,92201,0
Male,White,31,10000,Top,6,76,65150,1
Female,White,30,9998,Top,15,68,67588,1
Female,White,48,9998,Top,3,49,71232,0
Male,Black,34,10026,Top,0,50,78311,1
Male,White,40,9998,Low,14,73,78866,1
Female,White,42,10004,Top,3,68,77385,0
Male,Black,45,10025,Low,6,67,95357,0
Female,White,59,10000,Low,6,72,64809,0
Female,Hispanic,25,10028,Low,12,81,45989,1
Male,White,45,9998,Top,13,73,93441,0
Male,White,56,9999,Top,2,58,77618,1
Male,Black,24,10023,Low,13,92,53215,1
Male,White,25,9999,Mid,13,67,65802,1
Male,Other,58,10043,Low,8,70,39521,1
Female,White,61,10001,Top,11,59,77633,0
Male,White,56,10003,Low,12,57,43771,0
Male,Black,52,10025,Top,6,58,78640,0
Male,White,46,10001,Mid,7,55,62551,1
Female,Asian,61,10012,Top,10,30,42119,1
Male,White,34,10004,Top,1,68,94944,1
Male,White,25,10004,Mid,6,83,118127,1
Female,White,35,10000,Low,3,55,81746,1
Female,White,34,9999,Low,13,97,67291,0
Male,Hispanic,48,10028,Low,6,86,45798,1
Female,Hispanic,27,10032,Low,9,66,70236,0
Male,White,38,10002,Mid,7,56,85734,0
Male,White,57,10003,Top,6,50,73137,1
Male,Hispanic,61,10028,Low,8,68,82908,0
Male,Asian,56,10015,Top,5,70,100277,1
Female,White,38,9999,Mid,7,64,47806,0
Male,White,62,10003,Top,7,82,78880,1
Male,White,23,9998,Mid,6,87,34933,1
Female,Asian,34,10010,Mid,9,72,53719,0
Female,White,23,10002,Low,6,73,87397,0
Male,White,49,10004,Mid,14,66,72063,0
Female,Hispanic,64,10029,Low,10,66,32782,0
Male,White,47,10000,Low,2,74,93998,1
Female,White,43,10003,Mid,10,63,62135,0
Female,White,64,10002,Mid,5,74,90017,1
Non-binary,White,24,10003,Top,8,57,83253,1
Male,White,56,10003,Low,5,61,56337,1
Male,White,33,10000,Mid,0,57,90378,0
Male,White,45,9999,Low,7,61,79372,0
